﻿<?xml version="1.0" encoding="utf-8" standalone="no" ?>
<placeable>
    <storeData>
       <name>
         <en>IBC Rack</en>
         <de>IBC Gestell</de>
	   </name>
        
        <image>IBCRack/store.dds</image>
        <price>250</price>
        <lifetime>1000</lifetime>
        <dailyUpkeep>0</dailyUpkeep>
		<canBeSold>true</canBeSold>
        <rotation>0</rotation>
        <brand>LIZARD</brand>
        <species>placeable</species>
        <category>placeableMisc</category>
        <vertexBufferMemoryUsage>532832</vertexBufferMemoryUsage>
        <indexBufferMemoryUsage>57444</indexBufferMemoryUsage>
        <textureMemoryUsage>8388712</textureMemoryUsage>
        <instanceVertexBufferMemoryUsage>0</instanceVertexBufferMemoryUsage>
        <instanceIndexBufferMemoryUsage>0</instanceIndexBufferMemoryUsage>
    </storeData>
    
	<placeableType>placeable</placeableType>
    
	<filename>IBCRack/IBC_Rack.i3d</filename>
    
    <tipOcclusionUpdateArea sizeX="5" sizeZ="2"/>
    
	<placement testSizeX="5" testSizeZ="2" sizeX="6" sizeZ="3" useRandomYRotation="false" useManualYRotation="true"/>
	
    <clearAreas>
        <clearArea startNode="1|0" widthNode="1|1" heightNode="1|2"/>
    </clearAreas>
	
	<leveling requireLeveling="true" maxSmoothDistance="10" maxSlope="75" maxEdgeAngle="30" >
        <levelAreas>
            <levelArea startNode="2|0" widthNode="2|1" heightNode="2|2"/>        
        </levelAreas> 
    </leveling> 

    <seasons>
        <maskAreas>
            <maskArea startNode="3|0" widthNode="3|1" heightNode="3|2" />
        </maskAreas>
    </seasons>
	
	
</placeable>
