﻿<?xml version="1.0" encoding="utf-8" standalone="no"?>
<modDesc descVersion="51">
    <author>GtX</author>

    <translations>Vanquish081, MrPapaBear</translations>

    <version>1.0.3.0</version>

    <title>
        <en>Shelf Storage - Edited by Fire0x</en>
        <de>Lagerregal</de>
    </title>

    <description>
        <en>
            <![CDATA[This pack of large industrial shelves will help organise your farm pallets quickly and easily.
Pallets can be respawned on demand by using the built in menu interface.

Modified pallet capacities will be accepted and respawned in the same order as they are delivered.

Note: To allow close placement to buildings the shelves do not level the ground.

Price: 6000 $
Maintenance costs: € 5 per day

Shelf 1:
    - Storage for 48 Seed, 48 Lime and 48 Fertilizer pallets or big bags.
Shelf 2:
    - Storage for 32 Liquid Fertilizer and 32 Liquid Herbicide tanks.
Shelf 3:
    - Storage for 48 Chicken Food, 48 Horse Food and 48 Pig Food pallets or big bags.


Version: 1.0.3.0
- Update to ObjectStorage Version 1.2.2.0.
    - Added support for custom pallet specializations (i.e Manure System by Wopster)
    - Other small improvements and options added.

Version: 1.0.2.0
- Update to ObjectStorage Version 1.2.0.0.
    - Farm contractors can now access storage menu in multiplayer games.
    - Fixed wrapping compatibility issue with wrapped bales created by Class DLC Baler.
    - Added support for pallets using fillUnit, fillVolume and design configuration options.

Version: 1.0.1.0
- Fixed pallet spawning bug. (ObjectStorage.lua)
- Fixed incorrect display of UI warning text. (ObjectStorageGui.lua)
]]>
        </en>
        <de>
            <![CDATA[Diese Regale dienen zur einfachen und schnellen Paletenlagerung von allen Farm Paletten.
Paleten werden durch das einfache Menü Interface ausgelagert(gespawned)

Veränderte Paleten werden auch angenommen und können auch wieder in der Reihenfolge ausgelager(respawned) werden, in der sie angeliefert wurden.

Hinweiß: Um eine enge Platzierung in Gebäuden zu ermöglichen, gleichen die Regale den Boden nicht aus.

Price: 6000 €
Unterhaltskosten: 5 € pro Tag

Regal/Lager 1:
    - Lagerung für 48 Kalk, Saat oder Dünger Palleten/ Big Bags
Regal/Lager 2:
    - Lagerung für 32 flüssig Dünger oder Herbizid Tanks
Regal/Lager 3:
    – Lagerung für 48 Hühner, Pferde oder Schweine Futter Palleten/ Big Bags


Version: 1.0.3.0
- Update auf ObjectStorage Version 1.2.2.0.
    - Unterstützung für benutzerdefinierte Palettenspezialisierungen hinzugefügt (d. H. Manure System von Wopster)
    - Weitere kleine Verbesserungen und Optionen hinzugefügt.

Version: 1.0.2.0
- Update auf ObjectStorage Version 1.2.0.0.
    - Farmunternehmer können jetzt in Multiplayer-Spielen auf das Speichermenü zugreifen.
    - Das Problem mit der Verpackungskompatibilität mit Ballen, die von Class DLC Baler erstellt wurden, wurde behoben.
    - Unterstützung für Paletten mit den Konfigurationsoptionen fillUnit, fillVolume und Design hinzugefügt.

Version: 1.0.1.0
- Palettenlaichfehler behoben. (ObjectStorage.lua)
- Fehlerhafte Anzeige des UI-Warnungstextes behoben. (ObjectStorageGui.lua)
]]>
        </de>
        <fr>
            <![CDATA[Ce paquet de grandes étagères industrielles vous aidera à organiser vos palettes de ferme rapidement et facilement.
Les palettes apparaîtront comme demandé à l'aide de l'interface utilisateur.

Des palettes de différentes capacités seront également acceptées et livrées dans l'ordre dans lequel elles ont été stockées.

Remarque: pour permettre un placement proche des bâtiments, les étagères ne nivellent pas le sol.

Price: 6000 €
Frais d'entretien: 5 € par jour

Etagère 1:
    - Entrepôt pour 48 graines, 48 ​​chaux et 48 engrais, palettes ou grands sacs.
Étagère 2:
    - Entrepôt pour 32 d’engrais liquides et 32 ​​d’herbicides, dans des réservoirs.
Plateau 3:
    - Entrepôt pour 48 aliments de poulets, chevaux et cochons, palettes ou grands sacs.


Version: 1.0.3.0
- Mise à jour vers ObjectStorage version 1.2.2.0.
    - Ajout de la prise en charge des spécialisations de palettes personnalisées (par exemple, le système de fumier de Wopster)
    - Autres petites améliorations et options ajoutées.

Version: 1.0.2.0
- Mise à jour vers ObjectStorage version 1.2.0.0.
    - Les entrepreneurs agricoles peuvent désormais accéder au menu de stockage dans les jeux multijoueurs.
    - Correction d'un problème de compatibilité d'enrubannage avec les balles créées par la classe DLC Baler.
    - Ajout de la prise en charge des palettes utilisant fillUnit, fillVolume et les options de configuration de conception.

Version: 1.0.1.0
- Correction du bug de frai de la palette. (ObjectStorage.lua)
- Correction de l'affichage incorrect du texte d'avertissement de l'interface utilisateur. (ObjectStorageGui.lua)
]]>
        </fr>
        <es>
            <![CDATA[Este pack de grandes estanterías industriales le ayudará a organizar sus palets de la granja rápida y sencillamente.
Los palets aparecerán según los pidas usando la interfaz de usuario (IU).

Palets de distinta capacidad también se aceptaran y se entergarán en el orden que se hayan almacenado.

Price: 6000 €
Costes de mantenimiento: 5 € por día.

Estante 1:
    - Almacén para 48 de semillas, 48 de cal y 48 de fertilizante, palets o sacas grandes.
Estante 2:
    - Almacén para 32 de abono líquido y 32 de herbicida, en tanques.
Estante 3:
    - Almacén para 48 de comida de gallinas, caballos y cerdos, palets o sacas grandes.
]]>
        </es>
    </description>

    <multiplayer supported="true"/>
    <iconFilename>icon.dds</iconFilename>

    <l10n>
        <text name="shopItem_seedLimeFertShelf">
            <en>Farm products (Dry)</en>
            <de>Landwirtschaftliche Produkte(trocken)</de>
            <es>Productos de Granja (Seco)</es>
        </text>
        <text name="shopItem_liquidFertHerbicideShelf">
            <en>Farm products (Liquid)</en>
            <de>Flüssige Landwirtschaftliche Produkte</de>
            <es>Productos de Granja (Líquidos)</es>
        </text>
        <text name="shopItem_feedShelf">
            <en>Animal Feed Shelf</en>
            <de>Tier Futter Lagerung</de>
            <es>Estante Comida Animales</es>
        </text>
        <text name="unit_pallets">
            <en>pallets</en>
            <de>paletten</de>
            <fr>palettes</fr>
            <es>palets</es>
            <it>pallet</it>
        </text>
        <text name="ui_nextObjectLevel">
            <en>Next Object</en>
            <de>Nächstes Objekt</de>
            <fr>Objet suivant</fr>
            <es>Siguiente objeto</es>
            <it>Oggetto successivo</it>
        </text>
        <text name="function_seedLimeFertShelf">
            <en>
            <![CDATA[Storage for 48 Seed, 48 Lime and 48 Fertilizer pallets or big bags.
NOTE: To allow close placement the ground will not be adjusted and first should be leveled!]]>
            </en>
            <de>
            <![CDATA[Lagerung für 48 Kalk, Saat oder Dünger Palleten/ Big Bags.
HINWEIS: Um eine enge Platzierung zu ermöglichen, wird der Boden nicht angepasst und sollte zuerst ausgerichtet werden!]]>
            </de>
            <es>
            <![CDATA[Almacén para 48 de semillas, 48 de cal y 48 de fertilizante, palets o sacas grandes.
REMARQUE: Pour permettre un placement rapproché, le sol ne sera pas ajusté et doit d'abord être nivelé!]]>
            </es>
        </text>
        <text name="function_liquidFertHerbicideShelf">
            <en>
            <![CDATA[Storage for 32 Liquid Fertilizer and 32 Liquid Herbicide tanks.
NOTE: To allow close placement the ground will not be adjusted and first should be leveled!]]>
            </en>
            <de>
            <![CDATA[Lagerung für 32 flüssig Dünger oder Herbizid Tanks.
HINWEIS: Um eine enge Platzierung zu ermöglichen, wird der Boden nicht angepasst und sollte zuerst ausgerichtet werden!]]>
            </de>
            <es>
            <![CDATA[Almacén para 32 de abono líquido y 32 de herbicida, en tanques.
REMARQUE: Pour permettre un placement rapproché, le sol ne sera pas ajusté et doit d'abord être nivelé!]]>
            </es>
        </text>
        <text name="function_feedShelf">
            <en>
            <![CDATA[Storage for 48 Chicken Food, 48 Horse Food and 48 Pig Food pallets or big bags.
NOTE: To allow close placement the ground will not be adjusted and first should be leveled!]]>
            </en>
            <de>
            <![CDATA[Lagerung für 48 Hühner, Pferde oder Schweine Futter Palleten/ Big Bags.
HINWEIS: Um eine enge Platzierung zu ermöglichen, wird der Boden nicht angepasst und sollte zuerst ausgerichtet werden!]]>
            </de>
            <es>
            <![CDATA[Almacén para 48 de comida de gallinas, caballos y cerdos, palets o sacas grandes.
REMARQUE: Pour permettre un placement rapproché, le sol ne sera pas ajusté et doit d'abord être nivelé!]]>
            </es>
        </text>
    </l10n>

    <extraSourceFiles>
        <sourceFile filename="scripts/ObjectStorageLoader.lua"/>
    </extraSourceFiles>

    <objectStorageLoader filePath="scripts/" eventsPath="scripts/events/" guiPath="scripts/gui/"/>

    <brands>
        <brand name="FARMING_INNOVATIONS" title="Farming Innovations" image="textures/brand_farmingInnovations.dds"/>
    </brands>

    <storeItems>
        <storeItem rootNode="placeable" xmlFilename="seedLimeFertShelf.xml"/>
        <storeItem rootNode="placeable" xmlFilename="liquidFertHerbicideShelf.xml"/>
        <storeItem rootNode="placeable" xmlFilename="feedShelf.xml"/>
    </storeItems>
</modDesc>
