<?xml version="1.0" encoding="utf-8" standalone="no" ?>
<placeable>
    <storeData>
        <name>$l10n_shopItem_seedLimeFertShelf</name>
        <functions>
            <function>$l10n_function_seedLimeFertShelf</function>
        </functions>
        <image>seedLimeFertShelf_store.dds</image>
        <price>6000</price>
        <dailyUpkeep>0</dailyUpkeep>
        <specs>
            <capacity unit="$l10n_unit_pieces">144</capacity>
            <fillTypes>SEEDS FERTILIZER LIME</fillTypes>
        </specs>
        <canBeSold>true</canBeSold>
        <showInStore>true</showInStore>
        <lifetime>1000</lifetime>
        <rotation>0</rotation>
        <brand>FARMING_INNOVATIONS</brand>
        <species>placeable</species>
        <category>placeableMisc</category>
    </storeData>

    <placeableType>objectStoragePlaceable</placeableType>
    <filename>seedLimeFertShelf.i3d</filename>

    <placement testSizeX="0.5" testSizeZ="0.5" sizeX="0.5" sizeZ="0.5" useRandomYRotation="false" useManualYRotation="true"/>
    <tipOcclusionUpdateArea centerZ="3.5" sizeX="15" sizeZ="11"/>

    <triggerMarkers>
        <triggerMarker node="1|1"/>
    </triggerMarkers>

    <clearAreas>
        <clearArea startNode="3|0" widthNode="3|1" heightNode="3|2"/>
    </clearAreas>

    <leveling requireLeveling="false"/>

    <objectStorage type="PALLETS">
        <inputTriggers>
            <inputTrigger node="0|0|0"/>
        </inputTriggers>

        <interactionTriggers>
            <interactionTrigger node="0|0|1" showLevelInformation="true"/>
        </interactionTriggers>

        <customTexts>
            <storageTitle l10n="shopItem_seedLimeFertShelf"/>
            <nextLevelHeader l10n="ui_nextObjectLevel"/>
        </customTexts>

        <storageAreas>
            <!-- Note: [All Spawners] Unlike 'Bales' only allow a single stack height, there are too many custom pallets, bags etc out now to guarantee stack will not fail. -->
            <storageArea fillType="SEEDS" unitType="unit_pallets" imageFilename="$data/objects/bigBagContainer/store_bigBagContainerSeeds.dds">
                <visibilityNodes node="0|2|0" calculateCapacity="true" hasWrapShader="false"/>

                <spawners node="0|1">
                    <checkSize width="1.7" height="1.1" length="1.3"/>
                    <defaultObject filename="$data/objects/bigBagContainer/bigBagContainerSeeds.xml" fillLevel="1000"/>
                    <protectionTrigger node="0|0|2"/>
                </spawners>
            </storageArea>

            <storageArea fillType="FERTILIZER" unitType="unit_pallets" imageFilename="$data/objects/bigBagContainer/store_bigBagContainerFertilizer.dds">
                <visibilityNodes node="0|2|1" calculateCapacity="true" hasWrapShader="false"/>

                <spawners node="0|1">
                    <checkSize width="1.7" height="1.1" length="1.3"/>
                    <defaultObject filename="$data/objects/bigBagContainer/bigBagContainerFertilizer.xml" fillLevel="1000"/>
                    <protectionTrigger node="0|0|2"/>
                </spawners>
            </storageArea>

            <storageArea fillType="LIME" unitType="unit_pallets" imageFilename="$data/objects/bigBagContainer/store_bigBagContainerLime.dds">
                <visibilityNodes node="0|2|2" calculateCapacity="true" hasWrapShader="false"/>

                <spawners node="0|1">
                    <checkSize width="1.7" height="1.1" length="1.3"/>
                    <defaultObject filename="$data/objects/bigBagContainer/bigBagContainerLime.xml" fillLevel="2000"/>
                    <protectionTrigger node="0|0|2"/>
                </spawners>
            </storageArea>
        </storageAreas>
    </objectStorage>

    <seasons>
        <maskAreas>
            <maskArea startNode="2|0" widthNode="2|1" heightNode="2|2"/>
        </maskAreas>
    </seasons>
</placeable>
