<?xml version="1.0" encoding="utf-8" standalone="no" ?>
<placeable>
	<annotation>Copyright (C) CBJ Midwest Modding, All Rights Reserved.</annotation>
    <storeData>
        <name>
            <en>72x160 red workshop</en>
        </name>
        <functions>
            <function>$l10n_function_workshopShed</function>
        </functions>
        <image>store_red.dds</image>
        <price>45000</price>
        <dailyUpkeep>25</dailyUpkeep>
        <lifetime>1000</lifetime>
        <rotation>0</rotation>
        <brand>LIZARD</brand>
        <species>placeable</species>
        <category>sheds</category>
        <vertexBufferMemoryUsage>261300</vertexBufferMemoryUsage>
        <indexBufferMemoryUsage>44682</indexBufferMemoryUsage>
        <textureMemoryUsage>5680200</textureMemoryUsage>
        <instanceVertexBufferMemoryUsage>0</instanceVertexBufferMemoryUsage>
        <instanceIndexBufferMemoryUsage>0</instanceIndexBufferMemoryUsage>
    </storeData>
    <placeableType>workshop</placeableType>
    <filename>72x160redWorkshop.i3d</filename>
    <placement testSizeX="40" testSizeZ="40" sizeX="40" sizeZ="40" useRandomYRotation="false" useManualYRotation="true"/>
    <clearAreas>
        <clearArea startNode="5|0" widthNode="5|0|0" heightNode="5|0|1"/>
    </clearAreas>
    <leveling requireLeveling="true" maxSmoothDistance="5" maxSlope="30" maxEdgeAngle="20">
        <levelAreas>
            <levelArea startNode="6|0" widthNode="6|0|0" heightNode="6|0|1" groundType="dirt"/>
        </levelAreas>
    </leveling>
    <tipOcclusionUpdateArea sizeX="40" sizeZ="40"/>

    <sellingPoint playerTriggerNode="4|1" iconNode="4|1|0" sellTriggerNode="4|0" ownWorkshop="true" />
	
	<dayNightObjects>
		<!-- Hall -->
		<dayNightObject node="1|0|0|0" intensityDay="0" intensityNight="1" />
        <dayNightObject node="1|0|0|1" visibleDay="false" visibleNight="true" />
		<dayNightObject node="1|1|0|0" intensityDay="0" intensityNight="1" />
        <dayNightObject node="1|1|0|1" visibleDay="false" visibleNight="true" />
		<dayNightObject node="1|2|0|0" intensityDay="0" intensityNight="1" />
        <dayNightObject node="1|2|0|1" visibleDay="false" visibleNight="true" />
		<dayNightObject node="1|3|0|0" intensityDay="0" intensityNight="1" />
        <dayNightObject node="1|3|0|1" visibleDay="false" visibleNight="true" />
		<dayNightObject node="1|4|0|0" intensityDay="0" intensityNight="1" />
        <dayNightObject node="1|4|0|1" visibleDay="false" visibleNight="true" />
		<dayNightObject node="1|5|0|0" intensityDay="0" intensityNight="1" />
        <dayNightObject node="1|5|0|1" visibleDay="false" visibleNight="true" />
		<!-- Workshop -->
		<dayNightObject node="1|6|0|0" intensityDay="0" intensityNight="1" />
        <dayNightObject node="1|6|0|1" visibleDay="false" visibleNight="true" />
		<dayNightObject node="1|7|0|0" intensityDay="0" intensityNight="1" />
        <dayNightObject node="1|7|0|1" visibleDay="false" visibleNight="true" />
		<!-- breakroom -->
		<dayNightObject node="1|8|0|0" intensityDay="0" intensityNight="1" />
        <dayNightObject node="1|8|0|1" visibleDay="false" visibleNight="true" />
		<dayNightObject node="1|9|0|0" intensityDay="0" intensityNight="1" />
        <dayNightObject node="1|9|0|1" visibleDay="false" visibleNight="true" />
		<!-- Floodlights -->
		<dayNightObject node="1|10|0|0|0" intensityDay="0" intensityNight="1" />
        <dayNightObject node="1|10|0|0|1" visibleDay="false" visibleNight="true" />
		<dayNightObject node="1|11|0|0|0" intensityDay="0" intensityNight="1" />
        <dayNightObject node="1|11|0|0|1" visibleDay="false" visibleNight="true" />
		<dayNightObject node="1|12|0|0|0" intensityDay="0" intensityNight="1" />
        <dayNightObject node="1|12|0|0|1" visibleDay="false" visibleNight="true" />
		<dayNightObject node="1|13|0|0|0" intensityDay="0" intensityNight="1" />
        <dayNightObject node="1|13|0|0|1" visibleDay="false" visibleNight="true" />
    </dayNightObjects>

	<animatedObjects>
		<!--Gates-->
		<animatedObject index="garageDoorWorkshop1">
			<controls posAction="ACTIVATE_HANDTOOL" triggerNode="2|0|0" posText="action_openGate" negText="action_closeGate" />
			<sounds>
				<moving file="sounds/OpenElectricDoorSound.wav" loops="0" linkNode="0" volume="0.8" radius="25" innerRadius="3" fadeOut="0.25"/>
				<posEnd file="$data/sounds/prefab/gate/gate_opened.wav" linkNode="0" volume="0.8" radius="25" innerRadius="3" />
				<negEnd file="$data/sounds/prefab/gate/gate_closed.wav" linkNode="0" volume="0.8" radius="25" innerRadius="3" />
			</sounds>
			<animation initialTime="0" duration="4">
				<part node="2|0|1">
					<keyFrame time="0.00" translation="0 3.729 0" rotation="0 0 0"/>
					<keyFrame time="0.15" translation="0 4.451 0" rotation="-45 0 0"/>
					<keyFrame time="0.30" translation="0 4.976 -0.525" rotation="-75.4 0 0"/>
					<keyFrame time="0.45" translation="0 5.165 -1.237" rotation="-90 0 0"/>
					<keyFrame time="0.60" translation="0 5.165 -1.976" rotation="-90 0 0"/>
					<keyFrame time="0.75" translation="0 5.165 -2.717" rotation="-90 0 0"/>
					<keyFrame time="0.90" translation="0 5.165 -3.460" rotation="-90 0 0"/>
				</part>
				<part node="2|0|2">
					<keyFrame time="0.00" translation="0 2.984 0" rotation="0 0 0"/>
					<keyFrame time="0.15" translation="0 3.729 0" rotation="0 0 0"/>
					<keyFrame time="0.30" translation="0 4.451 0" rotation="-45 0 0"/>
					<keyFrame time="0.45" translation="0 4.976 -0.525" rotation="-75.4 0 0"/>
					<keyFrame time="0.60" translation="0 5.165 -1.237" rotation="-90 0 0"/>
					<keyFrame time="0.75" translation="0 5.165 -1.976" rotation="-90 0 0"/>
					<keyFrame time="0.90" translation="0 5.165 -2.717" rotation="-90 0 0"/>
				</part>
				<part node="2|0|3">
					<keyFrame time="0.00" translation="0 2.232 0" rotation="0 0 0"/>
					<keyFrame time="0.15" translation="0 2.984 0" rotation="0 0 0"/>
					<keyFrame time="0.30" translation="0 3.729 0" rotation="0 0 0"/>
					<keyFrame time="0.45" translation="0 4.451 0" rotation="-45 0 0"/>
					<keyFrame time="0.60" translation="0 4.976 -0.525" rotation="-75.4 0 0"/>
					<keyFrame time="0.75" translation="0 5.165 -1.237" rotation="-90 0 0"/>
					<keyFrame time="0.90" translation="0 5.165 -1.976" rotation="-90 0 0"/>
				</part>
				<part node="2|0|4">
					<keyFrame time="0.00" translation="0 1.498 0" rotation="0 0 0"/>
					<keyFrame time="0.15" translation="0 2.232 0" rotation="0 0 0"/>
					<keyFrame time="0.30" translation="0 2.984 0" rotation="0 0 0"/>
					<keyFrame time="0.45" translation="0 3.729 0" rotation="0 0 0"/>
					<keyFrame time="0.60" translation="0 4.451 0" rotation="-45 0 0"/>
					<keyFrame time="0.75" translation="0 4.976 -0.525" rotation="-75.4 0 0"/>
					<keyFrame time="0.90" translation="0 5.165 -1.237" rotation="-90 0 0"/>
				</part>
				<part node="2|0|5">
					<keyFrame time="0.00" translation="0 0.757 0" rotation="0 0 0"/>
					<keyFrame time="0.15" translation="0 1.498 0" rotation="0 0 0"/>
					<keyFrame time="0.30" translation="0 2.232 0" rotation="0 0 0"/>
					<keyFrame time="0.45" translation="0 2.984 0" rotation="0 0 0"/>
					<keyFrame time="0.60" translation="0 3.729 0" rotation="0 0 0"/>
					<keyFrame time="0.75" translation="0 4.451 0" rotation="-45 0 0"/>
					<keyFrame time="0.90" translation="0 4.976 -0.525" rotation="-75.4 0 0"/>
				</part>
				<part node="2|0|6">
					<keyFrame time="0.00" translation="0 0.012 0" rotation="0 0 0"/>
					<keyFrame time="0.15" translation="0 0.757 0" rotation="0 0 0"/>
					<keyFrame time="0.30" translation="0 1.498 0" rotation="0 0 0"/>
					<keyFrame time="0.45" translation="0 2.232 0" rotation="0 0 0"/>
					<keyFrame time="0.60" translation="0 2.984 0" rotation="0 0 0"/>
					<keyFrame time="0.75" translation="0 3.729 0" rotation="0 0 0"/>
					<keyFrame time="0.90" translation="0 4.451 0" rotation="-45 0 0"/>
				</part>
			</animation>
		</animatedObject>
		<animatedObject index="garageDoorWorkshop2">
			<controls posAction="ACTIVATE_HANDTOOL" triggerNode="2|4|0" posText="action_openGate" negText="action_closeGate" />
			<sounds>
				<moving file="sounds/OpenElectricDoorSound.wav" loops="0" linkNode="0" volume="0.8" radius="25" innerRadius="3" fadeOut="0.25"/>
				<posEnd file="$data/sounds/prefab/gate/gate_opened.wav" linkNode="0" volume="0.8" radius="25" innerRadius="3" />
				<negEnd file="$data/sounds/prefab/gate/gate_closed.wav" linkNode="0" volume="0.8" radius="25" innerRadius="3" />
			</sounds>
			<animation initialTime="0" duration="4">
				<part node="2|4|1">
					<keyFrame time="0.00" translation="0 3.729 0" rotation="0 0 0"/>
					<keyFrame time="0.15" translation="0 4.451 0" rotation="-45 0 0"/>
					<keyFrame time="0.30" translation="0 4.976 -0.525" rotation="-75.4 0 0"/>
					<keyFrame time="0.45" translation="0 5.165 -1.237" rotation="-90 0 0"/>
					<keyFrame time="0.60" translation="0 5.165 -1.976" rotation="-90 0 0"/>
					<keyFrame time="0.75" translation="0 5.165 -2.717" rotation="-90 0 0"/>
					<keyFrame time="0.90" translation="0 5.165 -3.460" rotation="-90 0 0"/>
				</part>
				<part node="2|4|2">
					<keyFrame time="0.00" translation="0 2.984 0" rotation="0 0 0"/>
					<keyFrame time="0.15" translation="0 3.729 0" rotation="0 0 0"/>
					<keyFrame time="0.30" translation="0 4.451 0" rotation="-45 0 0"/>
					<keyFrame time="0.45" translation="0 4.976 -0.525" rotation="-75.4 0 0"/>
					<keyFrame time="0.60" translation="0 5.165 -1.237" rotation="-90 0 0"/>
					<keyFrame time="0.75" translation="0 5.165 -1.976" rotation="-90 0 0"/>
					<keyFrame time="0.90" translation="0 5.165 -2.717" rotation="-90 0 0"/>
				</part>
				<part node="2|4|3">
					<keyFrame time="0.00" translation="0 2.232 0" rotation="0 0 0"/>
					<keyFrame time="0.15" translation="0 2.984 0" rotation="0 0 0"/>
					<keyFrame time="0.30" translation="0 3.729 0" rotation="0 0 0"/>
					<keyFrame time="0.45" translation="0 4.451 0" rotation="-45 0 0"/>
					<keyFrame time="0.60" translation="0 4.976 -0.525" rotation="-75.4 0 0"/>
					<keyFrame time="0.75" translation="0 5.165 -1.237" rotation="-90 0 0"/>
					<keyFrame time="0.90" translation="0 5.165 -1.976" rotation="-90 0 0"/>
				</part>
				<part node="2|4|4">
					<keyFrame time="0.00" translation="0 1.498 0" rotation="0 0 0"/>
					<keyFrame time="0.15" translation="0 2.232 0" rotation="0 0 0"/>
					<keyFrame time="0.30" translation="0 2.984 0" rotation="0 0 0"/>
					<keyFrame time="0.45" translation="0 3.729 0" rotation="0 0 0"/>
					<keyFrame time="0.60" translation="0 4.451 0" rotation="-45 0 0"/>
					<keyFrame time="0.75" translation="0 4.976 -0.525" rotation="-75.4 0 0"/>
					<keyFrame time="0.90" translation="0 5.165 -1.237" rotation="-90 0 0"/>
				</part>
				<part node="2|4|5">
					<keyFrame time="0.00" translation="0 0.757 0" rotation="0 0 0"/>
					<keyFrame time="0.15" translation="0 1.498 0" rotation="0 0 0"/>
					<keyFrame time="0.30" translation="0 2.232 0" rotation="0 0 0"/>
					<keyFrame time="0.45" translation="0 2.984 0" rotation="0 0 0"/>
					<keyFrame time="0.60" translation="0 3.729 0" rotation="0 0 0"/>
					<keyFrame time="0.75" translation="0 4.451 0" rotation="-45 0 0"/>
					<keyFrame time="0.90" translation="0 4.976 -0.525" rotation="-75.4 0 0"/>
				</part>
				<part node="2|4|6">
					<keyFrame time="0.00" translation="0 0.012 0" rotation="0 0 0"/>
					<keyFrame time="0.15" translation="0 0.757 0" rotation="0 0 0"/>
					<keyFrame time="0.30" translation="0 1.498 0" rotation="0 0 0"/>
					<keyFrame time="0.45" translation="0 2.232 0" rotation="0 0 0"/>
					<keyFrame time="0.60" translation="0 2.984 0" rotation="0 0 0"/>
					<keyFrame time="0.75" translation="0 3.729 0" rotation="0 0 0"/>
					<keyFrame time="0.90" translation="0 4.451 0" rotation="-45 0 0"/>
				</part>
			</animation>
		</animatedObject>
		<animatedObject index="garageDoorHall1">
			<controls posAction="ACTIVATE_HANDTOOL" triggerNode="2|1|0" posText="action_openGate" negText="action_closeGate" />
			<sounds>
				<moving file="sounds/OpenElectricDoorSound.wav" loops="0" linkNode="0" volume="0.8" radius="25" innerRadius="3" fadeOut="0.25"/>
				<posEnd file="$data/sounds/prefab/gate/gate_opened.wav" linkNode="0" volume="0.8" radius="25" innerRadius="3" />
				<negEnd file="$data/sounds/prefab/gate/gate_closed.wav" linkNode="0" volume="0.8" radius="25" innerRadius="3" />
			</sounds>
			<animation initialTime="0" duration="4">
				<part node="2|1|1">
					<keyFrame time="0.00" translation="0 3.729 0" rotation="0 0 0"/>
					<keyFrame time="0.15" translation="0 4.451 0" rotation="-45 0 0"/>
					<keyFrame time="0.30" translation="0 4.976 -0.525" rotation="-75.4 0 0"/>
					<keyFrame time="0.45" translation="0 5.165 -1.237" rotation="-90 0 0"/>
					<keyFrame time="0.60" translation="0 5.165 -1.976" rotation="-90 0 0"/>
					<keyFrame time="0.75" translation="0 5.165 -2.717" rotation="-90 0 0"/>
					<keyFrame time="0.90" translation="0 5.165 -3.460" rotation="-90 0 0"/>
				</part>
				<part node="2|1|2">
					<keyFrame time="0.00" translation="0 2.984 0" rotation="0 0 0"/>
					<keyFrame time="0.15" translation="0 3.729 0" rotation="0 0 0"/>
					<keyFrame time="0.30" translation="0 4.451 0" rotation="-45 0 0"/>
					<keyFrame time="0.45" translation="0 4.976 -0.525" rotation="-75.4 0 0"/>
					<keyFrame time="0.60" translation="0 5.165 -1.237" rotation="-90 0 0"/>
					<keyFrame time="0.75" translation="0 5.165 -1.976" rotation="-90 0 0"/>
					<keyFrame time="0.90" translation="0 5.165 -2.717" rotation="-90 0 0"/>
				</part>
				<part node="2|1|3">
					<keyFrame time="0.00" translation="0 2.232 0" rotation="0 0 0"/>
					<keyFrame time="0.15" translation="0 2.984 0" rotation="0 0 0"/>
					<keyFrame time="0.30" translation="0 3.729 0" rotation="0 0 0"/>
					<keyFrame time="0.45" translation="0 4.451 0" rotation="-45 0 0"/>
					<keyFrame time="0.60" translation="0 4.976 -0.525" rotation="-75.4 0 0"/>
					<keyFrame time="0.75" translation="0 5.165 -1.237" rotation="-90 0 0"/>
					<keyFrame time="0.90" translation="0 5.165 -1.976" rotation="-90 0 0"/>
				</part>
				<part node="2|1|4">
					<keyFrame time="0.00" translation="0 1.498 0" rotation="0 0 0"/>
					<keyFrame time="0.15" translation="0 2.232 0" rotation="0 0 0"/>
					<keyFrame time="0.30" translation="0 2.984 0" rotation="0 0 0"/>
					<keyFrame time="0.45" translation="0 3.729 0" rotation="0 0 0"/>
					<keyFrame time="0.60" translation="0 4.451 0" rotation="-45 0 0"/>
					<keyFrame time="0.75" translation="0 4.976 -0.525" rotation="-75.4 0 0"/>
					<keyFrame time="0.90" translation="0 5.165 -1.237" rotation="-90 0 0"/>
				</part>
				<part node="2|1|5">
					<keyFrame time="0.00" translation="0 0.757 0" rotation="0 0 0"/>
					<keyFrame time="0.15" translation="0 1.498 0" rotation="0 0 0"/>
					<keyFrame time="0.30" translation="0 2.232 0" rotation="0 0 0"/>
					<keyFrame time="0.45" translation="0 2.984 0" rotation="0 0 0"/>
					<keyFrame time="0.60" translation="0 3.729 0" rotation="0 0 0"/>
					<keyFrame time="0.75" translation="0 4.451 0" rotation="-45 0 0"/>
					<keyFrame time="0.90" translation="0 4.976 -0.525" rotation="-75.4 0 0"/>
				</part>
				<part node="2|1|6">
					<keyFrame time="0.00" translation="0 0.012 0" rotation="0 0 0"/>
					<keyFrame time="0.15" translation="0 0.757 0" rotation="0 0 0"/>
					<keyFrame time="0.30" translation="0 1.498 0" rotation="0 0 0"/>
					<keyFrame time="0.45" translation="0 2.232 0" rotation="0 0 0"/>
					<keyFrame time="0.60" translation="0 2.984 0" rotation="0 0 0"/>
					<keyFrame time="0.75" translation="0 3.729 0" rotation="0 0 0"/>
					<keyFrame time="0.90" translation="0 4.451 0" rotation="-45 0 0"/>
				</part>
			</animation>
		</animatedObject>	
		<animatedObject index="garageDoorHall2">
			<controls posAction="ACTIVATE_HANDTOOL" triggerNode="2|2|0" posText="action_openGate" negText="action_closeGate" />
			<sounds>
				<moving file="sounds/OpenElectricDoorSound.wav" loops="0" linkNode="0" volume="0.8" radius="25" innerRadius="3" fadeOut="0.25"/>
				<posEnd file="$data/sounds/prefab/gate/gate_opened.wav" linkNode="0" volume="0.8" radius="25" innerRadius="3" />
				<negEnd file="$data/sounds/prefab/gate/gate_closed.wav" linkNode="0" volume="0.8" radius="25" innerRadius="3" />
			</sounds>
			<animation initialTime="0" duration="4">
				<part node="2|2|1">
					<keyFrame time="0.00" translation="0 3.729 0" rotation="0 0 0"/>
					<keyFrame time="0.15" translation="0 4.451 0" rotation="-45 0 0"/>
					<keyFrame time="0.30" translation="0 4.976 -0.525" rotation="-75.4 0 0"/>
					<keyFrame time="0.45" translation="0 5.165 -1.237" rotation="-90 0 0"/>
					<keyFrame time="0.60" translation="0 5.165 -1.976" rotation="-90 0 0"/>
					<keyFrame time="0.75" translation="0 5.165 -2.717" rotation="-90 0 0"/>
					<keyFrame time="0.90" translation="0 5.165 -3.460" rotation="-90 0 0"/>
				</part>
				<part node="2|2|2">
					<keyFrame time="0.00" translation="0 2.984 0" rotation="0 0 0"/>
					<keyFrame time="0.15" translation="0 3.729 0" rotation="0 0 0"/>
					<keyFrame time="0.30" translation="0 4.451 0" rotation="-45 0 0"/>
					<keyFrame time="0.45" translation="0 4.976 -0.525" rotation="-75.4 0 0"/>
					<keyFrame time="0.60" translation="0 5.165 -1.237" rotation="-90 0 0"/>
					<keyFrame time="0.75" translation="0 5.165 -1.976" rotation="-90 0 0"/>
					<keyFrame time="0.90" translation="0 5.165 -2.717" rotation="-90 0 0"/>
				</part>
				<part node="2|2|3">
					<keyFrame time="0.00" translation="0 2.232 0" rotation="0 0 0"/>
					<keyFrame time="0.15" translation="0 2.984 0" rotation="0 0 0"/>
					<keyFrame time="0.30" translation="0 3.729 0" rotation="0 0 0"/>
					<keyFrame time="0.45" translation="0 4.451 0" rotation="-45 0 0"/>
					<keyFrame time="0.60" translation="0 4.976 -0.525" rotation="-75.4 0 0"/>
					<keyFrame time="0.75" translation="0 5.165 -1.237" rotation="-90 0 0"/>
					<keyFrame time="0.90" translation="0 5.165 -1.976" rotation="-90 0 0"/>
				</part>
				<part node="2|2|4">
					<keyFrame time="0.00" translation="0 1.498 0" rotation="0 0 0"/>
					<keyFrame time="0.15" translation="0 2.232 0" rotation="0 0 0"/>
					<keyFrame time="0.30" translation="0 2.984 0" rotation="0 0 0"/>
					<keyFrame time="0.45" translation="0 3.729 0" rotation="0 0 0"/>
					<keyFrame time="0.60" translation="0 4.451 0" rotation="-45 0 0"/>
					<keyFrame time="0.75" translation="0 4.976 -0.525" rotation="-75.4 0 0"/>
					<keyFrame time="0.90" translation="0 5.165 -1.237" rotation="-90 0 0"/>
				</part>
				<part node="2|2|5">
					<keyFrame time="0.00" translation="0 0.757 0" rotation="0 0 0"/>
					<keyFrame time="0.15" translation="0 1.498 0" rotation="0 0 0"/>
					<keyFrame time="0.30" translation="0 2.232 0" rotation="0 0 0"/>
					<keyFrame time="0.45" translation="0 2.984 0" rotation="0 0 0"/>
					<keyFrame time="0.60" translation="0 3.729 0" rotation="0 0 0"/>
					<keyFrame time="0.75" translation="0 4.451 0" rotation="-45 0 0"/>
					<keyFrame time="0.90" translation="0 4.976 -0.525" rotation="-75.4 0 0"/>
				</part>
				<part node="2|2|6">
					<keyFrame time="0.00" translation="0 0.012 0" rotation="0 0 0"/>
					<keyFrame time="0.15" translation="0 0.757 0" rotation="0 0 0"/>
					<keyFrame time="0.30" translation="0 1.498 0" rotation="0 0 0"/>
					<keyFrame time="0.45" translation="0 2.232 0" rotation="0 0 0"/>
					<keyFrame time="0.60" translation="0 2.984 0" rotation="0 0 0"/>
					<keyFrame time="0.75" translation="0 3.729 0" rotation="0 0 0"/>
					<keyFrame time="0.90" translation="0 4.451 0" rotation="-45 0 0"/>
				</part>
			</animation>
		</animatedObject>
		<animatedObject index="garageDoorHall3">
			<controls posAction="ACTIVATE_HANDTOOL" triggerNode="2|3|0" posText="action_openGate" negText="action_closeGate" />
			<sounds>
				<moving file="sounds/OpenElectricDoorSound.wav" loops="0" linkNode="0" volume="0.8" radius="25" innerRadius="3" fadeOut="0.25"/>
				<posEnd file="$data/sounds/prefab/gate/gate_opened.wav" linkNode="0" volume="0.8" radius="25" innerRadius="3" />
				<negEnd file="$data/sounds/prefab/gate/gate_closed.wav" linkNode="0" volume="0.8" radius="25" innerRadius="3" />
			</sounds>
			<animation initialTime="0" duration="4">
				<part node="2|3|1">
					<keyFrame time="0.00" translation="0 3.729 0" rotation="0 0 0"/>
					<keyFrame time="0.15" translation="0 4.451 0" rotation="-45 0 0"/>
					<keyFrame time="0.30" translation="0 4.976 -0.525" rotation="-75.4 0 0"/>
					<keyFrame time="0.45" translation="0 5.165 -1.237" rotation="-90 0 0"/>
					<keyFrame time="0.60" translation="0 5.165 -1.976" rotation="-90 0 0"/>
					<keyFrame time="0.75" translation="0 5.165 -2.717" rotation="-90 0 0"/>
					<keyFrame time="0.90" translation="0 5.165 -3.460" rotation="-90 0 0"/>
				</part>
				<part node="2|3|2">
					<keyFrame time="0.00" translation="0 2.984 0" rotation="0 0 0"/>
					<keyFrame time="0.15" translation="0 3.729 0" rotation="0 0 0"/>
					<keyFrame time="0.30" translation="0 4.451 0" rotation="-45 0 0"/>
					<keyFrame time="0.45" translation="0 4.976 -0.525" rotation="-75.4 0 0"/>
					<keyFrame time="0.60" translation="0 5.165 -1.237" rotation="-90 0 0"/>
					<keyFrame time="0.75" translation="0 5.165 -1.976" rotation="-90 0 0"/>
					<keyFrame time="0.90" translation="0 5.165 -2.717" rotation="-90 0 0"/>
				</part>
				<part node="2|3|3">
					<keyFrame time="0.00" translation="0 2.232 0" rotation="0 0 0"/>
					<keyFrame time="0.15" translation="0 2.984 0" rotation="0 0 0"/>
					<keyFrame time="0.30" translation="0 3.729 0" rotation="0 0 0"/>
					<keyFrame time="0.45" translation="0 4.451 0" rotation="-45 0 0"/>
					<keyFrame time="0.60" translation="0 4.976 -0.525" rotation="-75.4 0 0"/>
					<keyFrame time="0.75" translation="0 5.165 -1.237" rotation="-90 0 0"/>
					<keyFrame time="0.90" translation="0 5.165 -1.976" rotation="-90 0 0"/>
				</part>
				<part node="2|3|4">
					<keyFrame time="0.00" translation="0 1.498 0" rotation="0 0 0"/>
					<keyFrame time="0.15" translation="0 2.232 0" rotation="0 0 0"/>
					<keyFrame time="0.30" translation="0 2.984 0" rotation="0 0 0"/>
					<keyFrame time="0.45" translation="0 3.729 0" rotation="0 0 0"/>
					<keyFrame time="0.60" translation="0 4.451 0" rotation="-45 0 0"/>
					<keyFrame time="0.75" translation="0 4.976 -0.525" rotation="-75.4 0 0"/>
					<keyFrame time="0.90" translation="0 5.165 -1.237" rotation="-90 0 0"/>
				</part>
				<part node="2|3|5">
					<keyFrame time="0.00" translation="0 0.757 0" rotation="0 0 0"/>
					<keyFrame time="0.15" translation="0 1.498 0" rotation="0 0 0"/>
					<keyFrame time="0.30" translation="0 2.232 0" rotation="0 0 0"/>
					<keyFrame time="0.45" translation="0 2.984 0" rotation="0 0 0"/>
					<keyFrame time="0.60" translation="0 3.729 0" rotation="0 0 0"/>
					<keyFrame time="0.75" translation="0 4.451 0" rotation="-45 0 0"/>
					<keyFrame time="0.90" translation="0 4.976 -0.525" rotation="-75.4 0 0"/>
				</part>
				<part node="2|3|6">
					<keyFrame time="0.00" translation="0 0.012 0" rotation="0 0 0"/>
					<keyFrame time="0.15" translation="0 0.757 0" rotation="0 0 0"/>
					<keyFrame time="0.30" translation="0 1.498 0" rotation="0 0 0"/>
					<keyFrame time="0.45" translation="0 2.232 0" rotation="0 0 0"/>
					<keyFrame time="0.60" translation="0 2.984 0" rotation="0 0 0"/>
					<keyFrame time="0.75" translation="0 3.729 0" rotation="0 0 0"/>
					<keyFrame time="0.90" translation="0 4.451 0" rotation="-45 0 0"/>
				</part>
			</animation>
		</animatedObject>
		<!--Doors-->
		<animatedObject index="normalDoorOffice1">
			<controls posAction="ACTIVATE_HANDTOOL" triggerNode="2|9|0" posText="action_openDoor" negText="action_closeDoor" />
			<sounds>
				<posEnd file="$data/sounds/prefab/gate/gate_opened.wav" linkNode="0" volume="0.8" radius="25" innerRadius="3" />
				<negEnd file="$data/sounds/prefab/gate/gate_closed.wav" linkNode="0" volume="0.8" radius="25" innerRadius="3" />
			</sounds>
			<animation initialTime="0" duration="2">
				<part node="2|9|1">
					<keyFrame time="0.00" rotation="180 -90 -180"/>
					<keyFrame time="0.95" rotation="180 0.294 -180"/>
				</part>
			</animation>
		</animatedObject>
		<animatedObject index="normalDoorOffice2">
			<controls posAction="ACTIVATE_HANDTOOL" triggerNode="2|8|0" posText="action_openDoor" negText="action_closeDoor" />
			<sounds>
				<posEnd file="$data/sounds/prefab/gate/gate_opened.wav" linkNode="0" volume="0.8" radius="25" innerRadius="3" />
				<negEnd file="$data/sounds/prefab/gate/gate_closed.wav" linkNode="0" volume="0.8" radius="25" innerRadius="3" />
			</sounds>
			<animation initialTime="0" duration="2">
				<part node="2|8|1">
					<keyFrame time="0.00" rotation="180 -90 -180"/>
					<keyFrame time="0.95" rotation="180 0.294 -180"/>
				</part>
			</animation>
		</animatedObject>
		<animatedObject index="normalDoorWorkshop">
			<controls posAction="ACTIVATE_HANDTOOL" triggerNode="2|5|0" posText="action_openDoor" negText="action_closeDoor" />
			<sounds>
				<posEnd file="$data/sounds/prefab/gate/gate_opened.wav" linkNode="0" volume="0.8" radius="25" innerRadius="3" />
				<negEnd file="$data/sounds/prefab/gate/gate_closed.wav" linkNode="0" volume="0.8" radius="25" innerRadius="3" />
			</sounds>
			<animation initialTime="0" duration="2">
				<part node="2|5|1">
					<keyFrame time="0.00" rotation="180 -90 -180"/>
					<keyFrame time="0.95" rotation="180 0.294 -180"/>
				</part>
			</animation>
		</animatedObject>
		<animatedObject index="normalDoorHall1">
			<controls posAction="ACTIVATE_HANDTOOL" triggerNode="2|6|0" posText="action_openDoor" negText="action_closeDoor" />
			<sounds>
				<posEnd file="$data/sounds/prefab/gate/gate_opened.wav" linkNode="0" volume="0.8" radius="25" innerRadius="3" />
				<negEnd file="$data/sounds/prefab/gate/gate_closed.wav" linkNode="0" volume="0.8" radius="25" innerRadius="3" />
			</sounds>
			<animation initialTime="0" duration="2">
				<part node="2|6|1">
					<keyFrame time="0.00" rotation="180 -90 -180"/>
					<keyFrame time="0.95" rotation="180 0.294 -180"/>
				</part>
			</animation>
		</animatedObject>
		<animatedObject index="normalDoorHall2">
			<controls posAction="ACTIVATE_HANDTOOL" triggerNode="2|7|0" posText="action_openDoor" negText="action_closeDoor" />
			<sounds>
				<posEnd file="$data/sounds/prefab/gate/gate_opened.wav" linkNode="0" volume="0.8" radius="25" innerRadius="3" />
				<negEnd file="$data/sounds/prefab/gate/gate_closed.wav" linkNode="0" volume="0.8" radius="25" innerRadius="3" />
			</sounds>
			<animation initialTime="0" duration="2">
				<part node="2|7|1">
					<keyFrame time="0.00" rotation="180 -90 -180"/>
					<keyFrame time="0.95" rotation="180 0.294 -180"/>
				</part>
			</animation>
		</animatedObject>
	</animatedObjects>
</placeable>