<?xml version="1.0" encoding="utf-8" standalone="no" ?>
<modDesc descVersion="44">
    <author>FS19: H8ggern</author>
		<contributors>Original: CBJ Midwest Modding</contributors>
    <version>1.0.0.0</version>
    <title>
        <en>72x160 workshop shed - Edited by Fire0x</en>
		<de>72x160 Werkstatt Schuppen </de>
    </title>
	
    <description>
        <en>72x160 Shed with or without workshop</en>
        <de>72x160 Halle mit oder ohne Werkstatt</de>
    </description>
	
    <multiplayer supported="true"/>	
	
	<iconFilename>icon.png</iconFilename>
	
    <storeItems>
        <storeItem rootNode="placeable" xmlFilename="72x160redShed.xml"/>
		<storeItem rootNode="placeable" xmlFilename="72x160redWorkshop.xml"/>
		<storeItem rootNode="placeable" xmlFilename="72x160tanShed.xml"/>
		<storeItem rootNode="placeable" xmlFilename="72x160tanWorkshop.xml"/>
    </storeItems>
	
	<l10n>
		<text name="function_machineshed">
            <en>You can store your machines in this shed.</en>
            <de>In dieser Halle kannst du deine Maschinen unterstellen.</de>
        </text>
		<text name="function_workshopShed">
            <en>You can store your machines in this shed and it has a workshop.</en>
            <de>In dieser Halle kannst du deine Maschinen unterstellen und es hat eine Werkstatt.</de>
        </text>
	</l10n>
</modDesc>
