﻿<?xml version="1.0" encoding="utf-8"?>

<!-- Author: GtX | Andy -->
<!-- About: Based on the 'fillIcon' shader of Giants but allows for colour change when using an emissive or diffuse and also adjustment of the 'w' value. -->

<CustomShader version="4">
    <Parameters>
        <Parameter name="iconColor" target="iconColor" type="float4" defaultValue="0.0 0.0 0.0 1.0" minValue="0.0 0.0 0.0 0.0" maxValue="1.0 1.0 1.0 10.0"/>
    </Parameters>
    <LodLevel startDistance="0">
        <CodeInjections>
            <CodeInjection position="MATERIALINFO">
<![CDATA[
uniform float4 iconColor;
]]>
            </CodeInjection>
            <CodeInjection position="POST_DIFFUSE_COLOR_FS">
<![CDATA[
diffuseColor = iconColor.rgb;
]]>
            </CodeInjection>

            <CodeInjection position="EMISSIVE_FS">
<![CDATA[
    emissiveColor.rgb *= iconColor.rgb;
    emissiveColor *= iconColor.w;
]]>
            </CodeInjection>
        </CodeInjections>
    </LodLevel>
</CustomShader>
