<?xml version="1.0" encoding="utf-8" standalone="no" ?>

<GUI onOpen="onOpen" onClose="onClose" onCreate="onCreate">
    <GuiElement type="empty" profile="newLayer" />
    <GuiElement type="bitmap" profile="dialogFullscreenBg" />

    <GuiElement debugEnabled="false" type="bitmap" profile="dialogBg" size="798px 598px" id="dialogElement">
        <GuiElement type="bitmap" profile="headerBoxDocked" size="658px 60px">
            <GuiElement type="text" profile="headerText" textOffset="0px 4px" text="$l10n_shop_configuration" id="dialogTitleElement"/>
        </GuiElement>

        <!-- NUMBERS -->
        <GuiElement type="text" profile="shopMultiTextOptionTitle" text=" " id="setNumberInputText" position="40px -48px" />

        <GuiElement type="boxLayout" profile="baseReference" position="38px 534px" >
            <GuiElement type="multiTextOption" profile="multiTextOption" size="48px 152px" onClick="changeNumberOne" id="setNumber[1]"
                focusId="23" focusChangeTop="25" focusChangeBottom="22" >
                <GuiElement type="button" profile="multiTextOptionLeft" position="0px 0px" iconRotation="-90"/>
                <GuiElement type="button" profile="multiTextOptionRight" position="0px 104px" iconRotation="90"/>
                <GuiElement type="text"   profile="multiTextOptionText" position="0px 68px" textMaxWidth="20px"/>
                <GuiElement type="bitmap" profile="multiTextOptionBg" position="0px 52px" size="48px 48px" frameThickness="1dp 1dp 1dp 1dp"/>
            </GuiElement>
        </GuiElement>

        <GuiElement type="boxLayout" profile="baseReference" position="90px 534px" >
            <GuiElement type="multiTextOption" profile="multiTextOption" size="48px 152px" onClick="changeNumberTwo" id="setNumber[2]"
                focusId="22" focusChangeTop="23" focusChangeBottom="21" >
                <GuiElement type="button" profile="multiTextOptionLeft" position="0px 0px" iconRotation="-90"/>
                <GuiElement type="button" profile="multiTextOptionRight" position="0px 104px" iconRotation="90"/>
                <GuiElement type="text"   profile="multiTextOptionText" position="0px 68px" textMaxWidth="20px"/>
                <GuiElement type="bitmap" profile="multiTextOptionBg" position="0px 52px" size="48px 48px" frameThickness="1dp 1dp 1dp 1dp"/>
            </GuiElement>
        </GuiElement>

        <GuiElement type="boxLayout" profile="baseReference" position="142px 534px" >
            <GuiElement type="multiTextOption" profile="multiTextOption" size="48px 152px" onClick="changeNumberThree" id="setNumber[3]"
                focusId="21" focusChangeTop="22" focusChangeBottom="20" >
                <GuiElement type="button" profile="multiTextOptionLeft" position="0px 0px" iconRotation="-90"/>
                <GuiElement type="button" profile="multiTextOptionRight" position="0px 104px" iconRotation="90"/>
                <GuiElement type="text"   profile="multiTextOptionText" position="0px 68px" textMaxWidth="20px"/>
                <GuiElement type="bitmap" profile="multiTextOptionBg" position="0px 52px" size="48px 48px" frameThickness="1dp 1dp 1dp 1dp"/>
            </GuiElement>
        </GuiElement>

        <GuiElement type="boxLayout" profile="baseReference" position="194px 534px" >
            <GuiElement type="multiTextOption" profile="multiTextOption" size="48px 152px" onClick="changeNumberFour" id="setNumber[4]"
                focusId="20" focusChangeTop="21" focusChangeBottom="19" >
                <GuiElement type="button" profile="multiTextOptionLeft" position="0px 0px" iconRotation="-90"/>
                <GuiElement type="button" profile="multiTextOptionRight" position="0px 104px" iconRotation="90"/>
                <GuiElement type="text"   profile="multiTextOptionText" position="0px 68px" textMaxWidth="20px"/>
                <GuiElement type="bitmap" profile="multiTextOptionBg" position="0px 52px" size="48px 48px" frameThickness="1dp 1dp 1dp 1dp"/>
            </GuiElement>
        </GuiElement>

        <!-- LETTERS -->
        <GuiElement type="text" profile="shopMultiTextOptionTitle" text=" " id="setLetterInputText" position="40px -268px" />

        <GuiElement type="boxLayout" profile="baseReference" position="38px 316px" >
            <GuiElement type="multiTextOption" profile="multiTextOption" size="48px 152px" onClick="changeLetterOne" id="setLetter[1]"
                focusId="19" focusChangeTop="20" focusChangeBottom="18" >
                <GuiElement type="button" profile="multiTextOptionLeft" position="0px 0px" iconRotation="-90"/>
                <GuiElement type="button" profile="multiTextOptionRight" position="0px 104px" iconRotation="90"/>
                <GuiElement type="text"   profile="multiTextOptionText" position="0px 68px" textMaxWidth="20px"/>
                <GuiElement type="bitmap" profile="multiTextOptionBg" position="0px 52px" size="48px 48px" frameThickness="1dp 1dp 1dp 1dp"/>
            </GuiElement>
        </GuiElement>

        <GuiElement type="boxLayout" profile="baseReference" position="90px 316px" >
            <GuiElement type="multiTextOption" profile="multiTextOption" size="48px 152px" onClick="changeLetterTwo" id="setLetter[2]"
                focusId="18" focusChangeTop="19" focusChangeBottom="17" >
                <GuiElement type="button" profile="multiTextOptionLeft" position="0px 0px" iconRotation="-90"/>
                <GuiElement type="button" profile="multiTextOptionRight" position="0px 104px" iconRotation="90"/>
                <GuiElement type="text"   profile="multiTextOptionText" position="0px 68px" textMaxWidth="20px"/>
                <GuiElement type="bitmap" profile="multiTextOptionBg" position="0px 52px" size="48px 48px" frameThickness="1dp 1dp 1dp 1dp"/>
            </GuiElement>
        </GuiElement>

        <GuiElement type="boxLayout" profile="baseReference" position="142px 316px" >
            <GuiElement type="multiTextOption" profile="multiTextOption" size="48px 152px" onClick="changeLetterThree" id="setLetter[3]"
                focusId="17" focusChangeTop="18" focusChangeBottom="16" >
                <GuiElement type="button" profile="multiTextOptionLeft" position="0px 0px" iconRotation="-90"/>
                <GuiElement type="button" profile="multiTextOptionRight" position="0px 104px" iconRotation="90"/>
                <GuiElement type="text"   profile="multiTextOptionText" position="0px 68px" textMaxWidth="20px"/>
                <GuiElement type="bitmap" profile="multiTextOptionBg" position="0px 52px" size="48px 48px" frameThickness="1dp 1dp 1dp 1dp"/>
            </GuiElement>
        </GuiElement>

        <GuiElement type="boxLayout" profile="baseReference" position="194px 316px" >
            <GuiElement type="multiTextOption" profile="multiTextOption" size="48px 152px" onClick="changeLetterFour" id="setLetter[4]"
                focusId="16" focusChangeTop="17" focusChangeBottom="15" >
                <GuiElement type="button" profile="multiTextOptionLeft" position="0px 0px" iconRotation="-90"/>
                <GuiElement type="button" profile="multiTextOptionRight" position="0px 104px" iconRotation="90"/>
                <GuiElement type="text"   profile="multiTextOptionText" position="0px 68px" textMaxWidth="20px"/>
                <GuiElement type="bitmap" profile="multiTextOptionBg" position="0px 52px" size="48px 48px" frameThickness="1dp 1dp 1dp 1dp"/>
            </GuiElement>
        </GuiElement>

        <GuiElement type="boxLayout" profile="baseReference" position="246px 316px" >
            <GuiElement type="multiTextOption" profile="multiTextOption" size="48px 152px" onClick="changeLetterFive" id="setLetter[5]"
                focusId="15" focusChangeTop="16" focusChangeBottom="14" >
                <GuiElement type="button" profile="multiTextOptionLeft" position="0px 0px" iconRotation="-90"/>
                <GuiElement type="button" profile="multiTextOptionRight" position="0px 104px" iconRotation="90"/>
                <GuiElement type="text"   profile="multiTextOptionText" position="0px 68px" textMaxWidth="20px"/>
                <GuiElement type="bitmap" profile="multiTextOptionBg" position="0px 52px" size="48px 48px" frameThickness="1dp 1dp 1dp 1dp"/>
            </GuiElement>
        </GuiElement>

        <GuiElement type="boxLayout" profile="baseReference" position="298px 316px" >
            <GuiElement type="multiTextOption" profile="multiTextOption" size="48px 152px" onClick="changeLetterSix" id="setLetter[6]"
                focusId="14" focusChangeTop="15" focusChangeBottom="13" >
                <GuiElement type="button" profile="multiTextOptionLeft" position="0px 0px" iconRotation="-90"/>
                <GuiElement type="button" profile="multiTextOptionRight" position="0px 104px" iconRotation="90"/>
                <GuiElement type="text"   profile="multiTextOptionText" position="0px 68px" textMaxWidth="20px"/>
                <GuiElement type="bitmap" profile="multiTextOptionBg" position="0px 52px" size="48px 48px" frameThickness="1dp 1dp 1dp 1dp"/>
            </GuiElement>
        </GuiElement>

        <GuiElement type="boxLayout" profile="baseReference" position="350px 316px" >
            <GuiElement type="multiTextOption" profile="multiTextOption" size="48px 152px" onClick="changeLetterSeven" id="setLetter[7]"
                focusId="13" focusChangeTop="14" focusChangeBottom="12" >
                <GuiElement type="button" profile="multiTextOptionLeft" position="0px 0px" iconRotation="-90"/>
                <GuiElement type="button" profile="multiTextOptionRight" position="0px 104px" iconRotation="90"/>
                <GuiElement type="text"   profile="multiTextOptionText" position="0px 68px" textMaxWidth="20px"/>
                <GuiElement type="bitmap" profile="multiTextOptionBg" position="0px 52px" size="48px 48px" frameThickness="1dp 1dp 1dp 1dp"/>
            </GuiElement>
        </GuiElement>

        <GuiElement type="boxLayout" profile="baseReference" position="402px 316px" >
            <GuiElement type="multiTextOption" profile="multiTextOption" size="48px 152px" onClick="changeLetterEight" id="setLetter[8]"
                focusId="12" focusChangeTop="13" focusChangeBottom="11" >
                <GuiElement type="button" profile="multiTextOptionLeft" position="0px 0px" iconRotation="-90"/>
                <GuiElement type="button" profile="multiTextOptionRight" position="0px 104px" iconRotation="90"/>
                <GuiElement type="text"   profile="multiTextOptionText" position="0px 68px" textMaxWidth="20px"/>
                <GuiElement type="bitmap" profile="multiTextOptionBg" position="0px 52px" size="48px 48px" frameThickness="1dp 1dp 1dp 1dp"/>
            </GuiElement>
        </GuiElement>

        <GuiElement type="boxLayout" profile="baseReference" position="454px 316px" >
            <GuiElement type="multiTextOption" profile="multiTextOption" size="48px 152px" onClick="changeLetterNine" id="setLetter[9]"
                focusId="11" focusChangeTop="12" focusChangeBottom="10" > >
                <GuiElement type="button" profile="multiTextOptionLeft" position="0px 0px" iconRotation="-90"/>
                <GuiElement type="button" profile="multiTextOptionRight" position="0px 104px" iconRotation="90"/>
                <GuiElement type="text"   profile="multiTextOptionText" position="0px 68px" textMaxWidth="20px"/>
                <GuiElement type="bitmap" profile="multiTextOptionBg" position="0px 52px" size="48px 48px" frameThickness="1dp 1dp 1dp 1dp"/>
            </GuiElement>
        </GuiElement>

        <GuiElement type="boxLayout" profile="baseReference" position="506px 316px" >
            <GuiElement type="multiTextOption" profile="multiTextOption" size="48px 152px" onClick="changeLetterTen" id="setLetter[10]"
                focusId="10" focusChangeTop="11" focusChangeBottom="9" >
                <GuiElement type="button" profile="multiTextOptionLeft" position="0px 0px" iconRotation="-90"/>
                <GuiElement type="button" profile="multiTextOptionRight" position="0px 104px" iconRotation="90"/>
                <GuiElement type="text"   profile="multiTextOptionText" position="0px 68px" textMaxWidth="20px"/>
                <GuiElement type="bitmap" profile="multiTextOptionBg" position="0px 52px" size="48px 48px" frameThickness="1dp 1dp 1dp 1dp"/>
            </GuiElement>
        </GuiElement>

        <GuiElement type="boxLayout" profile="baseReference" position="558px 316px" >
            <GuiElement type="multiTextOption" profile="multiTextOption" size="48px 152px" onClick="changeLetterEleven" id="setLetter[11]"
                focusId="9" focusChangeTop="10" focusChangeBottom="8" >
                <GuiElement type="button" profile="multiTextOptionLeft" position="0px 0px" iconRotation="-90"/>
                <GuiElement type="button" profile="multiTextOptionRight" position="0px 104px" iconRotation="90"/>
                <GuiElement type="text"   profile="multiTextOptionText" position="0px 68px" textMaxWidth="20px"/>
                <GuiElement type="bitmap" profile="multiTextOptionBg" position="0px 52px" size="48px 48px" frameThickness="1dp 1dp 1dp 1dp"/>
            </GuiElement>
        </GuiElement>

        <GuiElement type="boxLayout" profile="baseReference" position="610px 316px" >
            <GuiElement type="multiTextOption" profile="multiTextOption" size="48px 152px" onClick="changeLetterTwelve" id="setLetter[12]"
                focusId="8" focusChangeTop="9" focusChangeBottom="7" >
                <GuiElement type="button" profile="multiTextOptionLeft" position="0px 0px" iconRotation="-90"/>
                <GuiElement type="button" profile="multiTextOptionRight" position="0px 104px" iconRotation="90"/>
                <GuiElement type="text"   profile="multiTextOptionText" position="0px 68px" textMaxWidth="20px"/>
                <GuiElement type="bitmap" profile="multiTextOptionBg" position="0px 52px" size="48px 48px" frameThickness="1dp 1dp 1dp 1dp"/>
            </GuiElement>
        </GuiElement>

        <GuiElement type="boxLayout" profile="baseReference" position="662px 316px" >
            <GuiElement type="multiTextOption" profile="multiTextOption" size="48px 152px" onClick="changeLetterThirteen" id="setLetter[13]"
                focusId="7" focusChangeTop="8" focusChangeBottom="6" >
                <GuiElement type="button" profile="multiTextOptionLeft" position="0px 0px" iconRotation="-90"/>
                <GuiElement type="button" profile="multiTextOptionRight" position="0px 104px" iconRotation="90"/>
                <GuiElement type="text"   profile="multiTextOptionText" position="0px 68px" textMaxWidth="20px"/>
                <GuiElement type="bitmap" profile="multiTextOptionBg" position="0px 52px" size="48px 48px" frameThickness="1dp 1dp 1dp 1dp"/>
            </GuiElement>
        </GuiElement>

        <GuiElement type="boxLayout" profile="baseReference" position="714px 316px" >
            <GuiElement type="multiTextOption" profile="multiTextOption" size="48px 152px" onClick="changeLetterFourteen" id="setLetter[14]"
                focusId="6" focusChangeTop="7" focusChangeBottom="5" >
                <GuiElement type="button" profile="multiTextOptionLeft" position="0px 0px" iconRotation="-90"/>
                <GuiElement type="button" profile="multiTextOptionRight" position="0px 104px" iconRotation="90"/>
                <GuiElement type="text"   profile="multiTextOptionText" position="0px 68px" textMaxWidth="20px"/>
                <GuiElement type="bitmap" profile="multiTextOptionBg" position="0px 52px" size="48px 48px" frameThickness="1dp 1dp 1dp 1dp"/>
            </GuiElement>
        </GuiElement>

        <!-- NUMBER COLOURS -->
        <GuiElement type="button" profile="shopColorButton" onClick="selectNumberColour" position="306px -65px" size="456px 48px" id="numberColourSelectButton"
            focusId="5" focusChangeTop="6" focusChangeBottom="4" focusInit="onOpen" handleFocus="true">
            <GuiElement type="bitmap" profile="shopColorButtonPicked" id="numberColourSelectBitmap" size="440px 32px" />
            <GuiElement type="text"   profile="shopMultiTextOptionTitle" text="Number Colour" id="numberColourSelect" position="2px 15px" />
        </GuiElement>

        <!-- TEXT COLOURS -->
        <GuiElement type="button" profile="shopColorButton" onClick="selectTextColour" position="306px -165px" size="456px 48px"
            focusId="4" focusChangeTop="5" focusChangeBottom="3" >
            <GuiElement type="bitmap" profile="shopColorButtonPicked" id="textColourSelectBitmap" size="440px 32px" />
            <GuiElement type="text"   profile="shopMultiTextOptionTitle" text="Text Colour" id="textColourSelect" position="2px 15px" />
        </GuiElement>

        <!-- FLAG STATE -->
        <GuiElement type="text" profile="shopMultiTextOptionTitle" text=" " id="setFlagStateText" position="40px -492px" />
        <GuiElement type="multiTextOption" profile="multiTextOptionSettings" position="38px 42px" size="408px 48px" onClick="changeFlagState" id="setFlagState"
            focusId="3" focusChangeTop="4" focusChangeBottom="2" >
            <GuiElement type="button" profile="multiTextOptionLeft" />
            <GuiElement type="button" profile="multiTextOptionRight" />
            <GuiElement type="text"   profile="multiTextOptionText" textMaxWidth="420px" />
            <GuiElement type="bitmap" profile="multiTextOptionBg" size="312px 48px" />
        </GuiElement>

        <GuiElement type="button" profile="shopColorButton" onClick="selectBoxColour" id="setBoxColourButton" position="508px -508px" size="252px 48px"
            focusId="2" focusChangeTop="3" focusChangeBottom="1" >
            <GuiElement type="bitmap" profile="shopColorButtonPicked" id="boxColourSelectBitmap" size="236px 32px" />
            <GuiElement type="text"   profile="shopMultiTextOptionTitle" text="Box Colour" id="boxColourSelect" position="2px 15px" />
        </GuiElement>

        <GuiElement type="flowLayout" profile="buttonBoxDialog" id="buttonsPC">
            <GuiElement type="button" profile="buttonOK" text="$l10n_button_ok" onClick="onClickOk" id="yesButton"
                        focusId="1" focusChangeRight="24" focusChangeBottom="24" focusChangeTop="2" />
            <GuiElement type="button" profile="buttonDelete" text="$l10n_button_refresh" onClick="onClickRefresh" id="refreshButton"
                        focusId="24" focusChangeLeft="1" focusChangeRight="25" focusChangeBottom="25" focusChangeTop="1"/>
            <GuiElement type="button" profile="buttonBack" text="$l10n_button_back" onClick="onClickBack" id="noButton"
                        focusId="25" focusChangeLeft="24"  focusChangeBottom="23" focusChangeTop="24" />
        </GuiElement>
    </GuiElement>
</GUI>