<?xml version="1.0" encoding="utf-8" standalone="no" ?>

<GUI onOpen="onOpen" onClose="onClose" onCreate="onCreate">
    <GuiElement type="bitmap" profile="uiFullInGameBackground"/>

    <GuiElement type="empty" profile="newLayer" />
    <GuiElement type="bitmap" profile="dialogFullscreenBg" />

    <GuiElement type="bitmap" profile="dialogBg" size="560px 700px" id="dialogElement">
        <GuiElement debugEnabled="false" type="bitmap" profile="headerBoxDocked" size="510px 40px">
            <GuiElement type="text" profile="headerText" textOffset="0px 4px" text="$l10n_shop_configuration" id="dialogTitleElement"/>
        </GuiElement>

        <GuiElement type="empty" profile="baseReference" size="560px 434px" position="0px -52px" screenAlign="topRight" positionOrigin="topRight" >
            <GuiElement type="bitmap" profile="lineSeparator" position="-28px 1px" size="1dp 484px" screenAlign="bottomRight" positionOrigin="bottomRight"/>
            <GuiElement type="bitmap" profile="lineSeparator" size="532px 1dp" screenAlign="topLeft" positionOrigin="topLeft"/>
            <GuiElement type="bitmap" profile="lineSeparator" size="560px 1dp" screenAlign="bottomLeft" positionOrigin="bottomLeft"/>

            <GuiElement type="bitmap" profile="lineSeparator" position="-190px 52px" size="1dp 52px" screenAlign="topCenter" positionOrigin="topCenter"/>
            <GuiElement type="text" profile="shopMultiTextOptionTitle" text="#" textSize="20px" position="-234px 38px" textAlignment="center" screenAlign="topCenter" positionOrigin="topCenter"/>
            <GuiElement type="text" profile="shopMultiTextOptionTitle" text="$l10n_statistic_fillType" textSize="20px" position="30px 38px" textAlignment="center" screenAlign="topCenter" positionOrigin="topCenter"/>

            <GuiElement debugEnabled="false" type="list" profile="masterServerList" id="displayList" onDoubleClick="onListDoubleClick" onSelectionChanged="onListSelectionChanged" updateSelectionOnOpen="false" selectOnClick="true" selectOnScroll="true" listItemHeight="43px" position="-14px 2px" size="528px 430px" itemsPerCol="10" itemsPerRow="1" >
                <GuiElement type="listItem" profile="animalListItem" id="listItemTemplate" size="528px 43px">
                    <GuiElement type="bitmap" profile="lineSeparator" size="528px 1dp" screenAlign="bottomLeft" positionOrigin="bottomLeft"/>
                    <GuiElement type="bitmap" profile="lineSeparator" position="-176px 0px" size="1dp 43px" screenAlign="topCenter" positionOrigin="topCenter"/>
                    <GuiElement type="text" profile="textDefault" textSize="17px" textMaxWidth="100px" text="1" position="-222px -12px" textAlignment="center" screenAlign="topCenter" positionOrigin="topCenter" onCreate="onCreateSlot" />
                    <GuiElement type="text" profile="textDefault" textSize="17px" textMaxWidth="380px" text="Unknown" position="46px -12px" textAlignment="center" screenAlign="topCenter" positionOrigin="topCenter" onCreate="onCreateFillType" />
                </GuiElement>
            </GuiElement>

            <GuiElement type="bitmap" profile="verticalGlassListSliderBackground" position="0px 1px" size="28px 484px" screenAlign="bottomRight" positionOrigin="bottomRight">
                <GuiElement type="slider" profile="verticalGlassListSlider" size="16px 474px" dataElementId="displayList" handleFocus="false"/>
            </GuiElement>
        </GuiElement>

        <GuiElement type="text" profile="shopMultiTextOptionTitle" position="30px 84px" text="Range:" id="seekRangeHeader" screenAlign="bottomLeft"/>
        <GuiElement type="multiTextOption" profile="multiTextOptionSettings" position="30px 24px" size="500px 48px" onClick="onClickSeekRange" id="setSeekRange" focusInit="onOpen">
            <GuiElement type="button" profile="multiTextOptionLeft"/>
            <GuiElement type="button" profile="multiTextOptionRight"/>
            <GuiElement type="text"   profile="multiTextOptionText" textMaxWidth="400px" />
            <GuiElement type="bitmap" profile="multiTextOptionBg" size="404px 48px"/>
        </GuiElement>

        <GuiElement type="empty" profile="serverDetailListItem" size="500px 62px" position="30px 128px" screenAlign="bottomLeft" positionOrigin="bottomLeft" />

        <GuiElement type="empty" profile="siloDialogMessageBg" position="0px 132px" size="490px 50px" id="messageBackground">
            <GuiElement type="text" profile="siloDialogMessage" text="" id="messageOneText" position="0px 22px"/>
            <GuiElement type="text" profile="siloDialogMessage" text="" id="messageTwoText" position="0px -6px"/>
        </GuiElement>

        <GuiElement type="bitmap" profile="siloDialogMessageBg" position="0px 133px" size="490px 52px" id="warningBackground">
            <GuiElement type="text" profile="siloDialogMessage" text="" id="warningText" position="0px 7px"/>
        </GuiElement>

        <GuiElement type="flowLayout" profile="buttonBoxDialog" id="buttonsPC">
            <GuiElement type="button" profile="buttonActivate" text="$l10n_button_confirm" onClick="onClickActivate" id="confirmButton"/>
            <GuiElement type="button" profile="buttonBack" text="$l10n_button_back" onClick="onClickBack" id="noButton"/>
            <GuiElement type="button" profile="buttonOK" text="$l10n_button_select" onClick="onClickOk" id="yesButton"/>
        </GuiElement>
    </GuiElement>
</GUI>
