<?xml version="1.0" encoding="utf-8" standalone="no" ?>
<placeable>
    <storeData>
         <name>
      <en>Storage</en>
      <de>Storage</de>
	  <ru>Хранилище</ru>
    </name>
    <functions>
      <function>
        <en>Storage</en>
        <de>Storage</de>
        <tr>Storage</tr>
        <fr>Storage</fr>
        <ru>Хранилище свеклы картошки тростника</ru>
      </function>
    </functions>
    <specs>
      <capacity>500000</capacity>
      <fillTypes>sugarBeet potato sugarCane</fillTypes>
    </specs>
        <image>Store0.png</image>
        <price>15000</price>
        <lifetime>1000</lifetime>
        <dailyUpkeep>5</dailyUpkeep>
        <rotation>0</rotation>
        <brand>ANNA</brand>
        <species>placeable</species>
        <category>Own</category>
        <vertexBufferMemoryUsage>180404</vertexBufferMemoryUsage>
        <indexBufferMemoryUsage>32964</indexBufferMemoryUsage>
        <textureMemoryUsage>5680200</textureMemoryUsage>
        <instanceVertexBufferMemoryUsage>0</instanceVertexBufferMemoryUsage>
        <instanceIndexBufferMemoryUsage>0</instanceIndexBufferMemoryUsage>
    </storeData>

    <placeableType>silo</placeableType>
    <filename>farmSiloSmall.i3d</filename>
    <placement testSizeX="1" testSizeZ="1" sizeX="27" sizeZ="20" useRandomYRotation="false" useManualYRotation="true" />

    <loadingStation stationName="Хранилище" appearsOnPDA="true" storageRadius="0.1" fillSoundIdentifier="fillSound01">
        <loadTrigger triggerNode="0|1|0|0|0" fillLitersPerSecond="1000" dischargeNode="0|1|0|0|1">
            <effectNode effectClass="PipeEffect" effectNode="0|1|0|0|2|0" materialType="pipe" materialTypeId="1" fadeTime="0.5" maxBending="0" controlPoint="3.75 0 0 0"/>
			<effectNode effectClass="PipeEffect" effectNode="0|1|0|0|2|2" materialType="pipe" materialTypeId="1" fadeTime="0" maxBending="0" controlPoint="10.25 0 0 0"/>
			<effectNode                          effectNode="0|1|0|0|2|1" materialType="smoke"     materialTypeId="1" fadeTime="0.5" />
        </loadTrigger>
    </loadingStation>

    <unloadingStation stationName="Хранилище" appearsOnPDA="false" storageRadius="0.1">
        <unloadTrigger exactFillRootNode="0|0|0|0|0" />
    </unloadingStation>

    <storages>
        <storage node="0|2" fillTypes="sugarBeet potato sugarCane" capacityPerFillType="500000" />
    </storages>

    <clearAreas>
        <clearArea startNode="2|0" widthNode="2|0|0" heightNode="2|0|1"/>
    </clearAreas>

    <hotspots>
        <hotspot name="Farm silo" fullName="Хранилище свеклы картошки тростника" imageName="SELLING_POINT" hidable="true" linkNode="0|2" category="CATEGORY_TRIGGERS" />
    </hotspots>

    <leveling requireLeveling="true" maxSmoothDistance="5" maxSlope="30" maxEdgeAngle="20" >
        <levelAreas>
            <levelArea startNode="2|0" widthNode="2|0|0" heightNode="2|0|1" groundType="asphalt"/>
        </levelAreas>
    </leveling>
    <tipOcclusionUpdateArea sizeX="25" sizeZ="25" />

	<dayNightObjects>
        <dayNightObject node="5|1|0|0|0" intensityDay="0" intensityNight="1" />
        <dayNightObject node="5|1|0|0|1" visibleDay="false" visibleNight="true" />
        <dayNightObject node="6|1|0|0|0" intensityDay="0" intensityNight="1" />
        <dayNightObject node="6|1|0|0|1" visibleDay="false" visibleNight="true" />
	</dayNightObjects>
</placeable>
