<?xml version="1.0" encoding="utf-8" standalone="no"?>
<modDesc descVersion="41">
    <author>Kerl</author>
    <version>1.9</version>
	
    <title>
        <en>Storage - Edited by Fire0x</en>
		<de>Storage</de>
		<ru>Хранилище</ru>
    </title>
	
    <description>
        <en>Storage</en>
		<de>Storage</de>
		<ru>Хранилище</ru>
    </description>
	
    <iconFilename>Store.dds</iconFilename>
    <multiplayer supported="true"/>
	<l10n>
        <text name="ANNA">
            <en>Own Farm Pak</en>
            <de>Own Farm Pak</de>
            <ru>Своя Ферма пак</ru>
        </text>
    </l10n>
	 
	<extraSourceFiles>
		<sourceFile filename="scripts/AddStoreCategory.lua" />
		<sourceFile filename="forcePlaceable.lua" />
	</extraSourceFiles>
	 
    <storeItems>
	    <newStoreCategories>
            <newStoreCategory type="PLACEABLE" name="Own" title="ANNA" image="Store.dds" />
        </newStoreCategories>
	    <storeItem xmlFilename="universalSilo.xml"/>
		<storeItem xmlFilename="farmSiloSmall.xml"/>
		<storeItem xmlFilename="fertilizer.xml"/>
		<storeItem xmlFilename="lime.xml"/>
		<storeItem xmlFilename="seeds.xml"/>
		<storeItem xmlFilename="HERBICIDE.xml"/>
		<storeItem xmlFilename="WoodChip.xml"/>
		<storeItem xmlFilename="toplivoHra.xml"/>
		<storeItem xmlFilename="siloExtensionSmall.xml"/>
	    <storeItem xmlFilename="siloExtension.xml"/>
    </storeItems>
	 
    <brands>
        <brand name="ANNA" title="Своя Ферма" image="brand_anna.dds"/>
    </brands>
</modDesc>
