<?xml version="1.0" encoding="utf-8" standalone="no" ?>
<placeable>
    <storeData>
        <name>Хранилище семян</name>
		<functions>
            <function>Хранилище семян</function>
        </functions>
        <specs>
		    <capacity>100000</capacity> 
            <fillTypes>seeds</fillTypes>
        </specs>
        <image>Store2.dds</image>
        <price>10000</price>
        <dailyUpkeep>5</dailyUpkeep>
        <lifetime>1000</lifetime>
        <rotation>0</rotation>
		<brand>ANNA</brand>
        <species>placeable</species>
        <category>Own</category>
        <vertexBufferMemoryUsage>180404</vertexBufferMemoryUsage>
        <indexBufferMemoryUsage>32964</indexBufferMemoryUsage>
        <textureMemoryUsage>5680200</textureMemoryUsage>
        <instanceVertexBufferMemoryUsage>0</instanceVertexBufferMemoryUsage>
        <instanceIndexBufferMemoryUsage>0</instanceIndexBufferMemoryUsage>
    </storeData>

    <placeableType>silo</placeableType>
    <filename>seeds.i3d</filename>
    <placement testSizeX="1" testSizeZ="1" sizeX="27" sizeZ="20" useRandomYRotation="false" useManualYRotation="true" />

    <loadingStation stationName="семена" appearsOnPDA="false" storageRadius="0.1" fillSoundIdentifier="fillSound01">
        <loadTrigger triggerNode="0|1|0|0|0" fillLitersPerSecond="300" dischargeNode="0|1|0|0|1">
            <effectNode effectClass="PipeEffect" effectNode="0|1|0|0|2|0" materialType="pipe" materialTypeId="1" fadeTime="0.5" maxBending="0" controlPoint="3.75 0 0 0"/>
			<effectNode                          effectNode="0|1|0|0|2|1" materialType="smoke"     materialTypeId="1" fadeTime="0.5" />
        </loadTrigger>
    </loadingStation>

    <unloadingStation stationName="семена" appearsOnPDA="false" storageRadius="0.1">
        <unloadTrigger exactFillRootNode="0|0|0|0|0" />
    </unloadingStation>

    <storages>
        <storage node="0|2" fillTypes="SEEDS" capacityPerFillType="100000" />
    </storages>

    <clearAreas>
        <clearArea startNode="2|0" widthNode="2|0|0" heightNode="2|0|1"/>
    </clearAreas>

    <hotspots>
        <hotspot name="Farm silo" fullName="Хранилище семян" imageName="SELLING_POINT" hidable="true" linkNode="0|2" category="CATEGORY_TRIGGERS" />
    </hotspots>

    <leveling requireLeveling="true" maxSmoothDistance="5" maxSlope="30" maxEdgeAngle="20" >
        <levelAreas>
            <levelArea startNode="2|0" widthNode="2|0|0" heightNode="2|0|1" groundType="asphalt"/>
        </levelAreas>
    </leveling>
    <tipOcclusionUpdateArea sizeX="25" sizeZ="25" />
    <dayNightObjects>
        <dayNightObject node="5|1|0|0|0" intensityDay="0" intensityNight="1" />
        <dayNightObject node="5|1|0|0|1" visibleDay="false" visibleNight="true" />
    </dayNightObjects>
</placeable>