<?xml version="1.0" encoding="utf-8" standalone="no" ?>
<placeable>
    <storeData>
        <name>$l10n_shopItem_siloExtensionSmall</name>
        <specs>
            <capacity>150000</capacity>
            <fillTypes>wheat barley canola maize oat sunflower soybean</fillTypes>
        </specs>
        <image>Store8.png</image>
        <functions>
            <function>$l10n_function_siloExtension</function>
        </functions>
        <price>45000</price>
        <dailyUpkeep>5</dailyUpkeep>
        <lifetime>1000</lifetime>
        <rotation>0</rotation>
        <brand>ANNA</brand>
        <species>placeable</species>
        <category>Own</category>
        <vertexBufferMemoryUsage>100672</vertexBufferMemoryUsage>
        <indexBufferMemoryUsage>13992</indexBufferMemoryUsage>
        <textureMemoryUsage>4194424</textureMemoryUsage>
        <instanceVertexBufferMemoryUsage>0</instanceVertexBufferMemoryUsage>
        <instanceIndexBufferMemoryUsage>0</instanceIndexBufferMemoryUsage>
    </storeData>

    <placeableType>siloExtension</placeableType>
    <filename>siloExtensionSmall.i3d</filename>
    <placement testSizeX="1" testSizeZ="1" sizeX="5" sizeZ="5" useRandomYRotation="false" useManualYRotation="true" />
    <tipOcclusionUpdateArea sizeX="5" sizeZ="5" />

    <storage node="3" fillTypeCategories="farmsilo" capacityPerFillType="50000" />

    <clearAreas>
        <clearArea startIndex="2|0" widthIndex="2|1" heightIndex="2|2"/>
    </clearAreas>

    <leveling requireLeveling="true" maxSmoothDistance="10" maxSlope="75" maxEdgeAngle="30" >
        <levelAreas>
            <levelArea startNode="2|0" widthNode="2|1" heightNode="2|2" groundType="asphalt"/>
        </levelAreas>
    </leveling>
</placeable>
