<?xml version="1.0" encoding="utf-8" standalone="no" ?>
<placeable>
    <storeData>
        <name>$l10n_shopItem_farmSiloLarge</name>
        <functions>
            <function>$l10n_function_farmSilo</function>
        </functions>
        <specs>
            <capacity>250000</capacity>
            <fillTypes>wheat barley canola maize oat sunflower soybean</fillTypes>
        </specs>
        <image>Store7.png</image>
        <price>180000</price>
        <dailyUpkeep>60</dailyUpkeep>
        <lifetime>1000</lifetime>
        <rotation>0</rotation>
        <brand>ANNA</brand>
        <species>placeable</species>
        <category>Own</category>
        <vertexBufferMemoryUsage>261300</vertexBufferMemoryUsage>
        <indexBufferMemoryUsage>44682</indexBufferMemoryUsage>
        <textureMemoryUsage>5680200</textureMemoryUsage>
        <instanceVertexBufferMemoryUsage>0</instanceVertexBufferMemoryUsage>
        <instanceIndexBufferMemoryUsage>0</instanceIndexBufferMemoryUsage>
    </storeData>

    <placeableType>silo</placeableType>
    <filename>universalSilo.i3d</filename>
    <placement testSizeX="1" testSizeZ="1" sizeX="30" sizeZ="30" useRandomYRotation="false" useManualYRotation="true" />

    <loadingStation stationName="$l10n_station_farmSilo" appearsOnPDA="false" storageRadius="20" fillSoundIdentifier="fillSound01">
        <loadTrigger triggerNode="0|1|0|0|0" fillLitersPerSecond="2000" dischargeNode="0|1|0|0|1">
            <effectNode effectClass="PipeEffect" effectNode="0|1|0|0|2|0" materialType="pipe" materialTypeId="1" fadeTime="0.5" maxBending="0" controlPoint="3.75 0 0 0"/>
            <effectNode                          effectNode="0|1|0|0|2|1" materialType="smoke"     materialTypeId="1" fadeTime="0.5" />
        </loadTrigger>
    </loadingStation>

    <unloadingStation stationName="$l10n_station_farmSilo" appearsOnPDA="false" storageRadius="20">
        <unloadTrigger exactFillRootNode="0|0|0|0|0" />
    </unloadingStation>

    <storages>
        <storage node="0|2" fillTypes="wheat barley canola maize oat sunflower soybean" capacityPerFillType="250000" />
    </storages>

    <clearAreas>
        <clearArea startNode="1|0" widthNode="1|0|0" heightNode="1|0|1"/>
    </clearAreas>

    <hotspots>
        <hotspot name="Farm silo" fullName="$l10n_station_farmSilo" imageName="SELLING_POINT" hidable="true" linkNode="0|3" category="CATEGORY_TRIGGERS" />
    </hotspots>

    <leveling requireLeveling="true" maxSmoothDistance="10" maxSlope="75" maxEdgeAngle="30">
        <levelAreas>
            <levelArea startNode="1|0" widthNode="1|0|0" heightNode="1|0|1" groundType="asphalt"/>
        </levelAreas>
    </leveling>
    
    <tipOcclusionUpdateArea sizeX="30" sizeZ="30" />
 <dayNightObjects>
        <dayNightObject node="3|1|0|0|0" intensityDay="0" intensityNight="1" />
        <dayNightObject node="3|1|0|0|1" visibleDay="false" visibleNight="true" />
		<dayNightObject node="4|1|0|0|0" intensityDay="0" intensityNight="1" />
        <dayNightObject node="4|1|0|0|1" visibleDay="false" visibleNight="true" />
		<dayNightObject node="5|0|0" intensityDay="0" intensityNight="1" />
        <dayNightObject node="5|0|1" visibleDay="false" visibleNight="true" />
    </dayNightObjects>
</placeable>
