﻿<?xml version="1.0" encoding="utf-8" standalone="no" ?>
<modDesc descVersion="51">
   <author>GtX</author>

   <contributers>Farmer Andy (Selected Icons)</contributers>

   <version>1.2.0.0</version>

    <title>
        <en>Silo Displays - Edited by Fire0x</en>
    </title>

    <description>
        <en>
            <![CDATA[Farming Innovations - Silo Displays. These digital displays provide a quick way to view the contents of the connected silos.
Each display has an adjustable range to allow connection to a single or multiple silos. Using the built in UI available at the front of each display you can adjust the fill types displayed or the detection range.

Note: Displays will only place when in range of a silo to connect with.
      Custom fill type icons will be replaced with a 'circle' if not supported by the display.
      Standard and Large displays will display the fill type names in your set game language only when available, custom fill types are not guaranteed.

Small Display:
    - Maximum Fill Types: 2
    - Fill Type Icon: YES
    - Fill Type Name: No
    - Price: $1400

Standard Display:
    - Maximum FillTypes: 10
    - Fill Type Icon: YES
    - Fill Type Name: YES
    - Price: $6400

Large Display:
    - Maximum FillTypes: 20
    - Fill Type Icon: YES
    - Fill Type Name: YES
    - Price: $9800

Version: 1.2.0.0
- Add support for silos using 'IndividualSiloPlaceable' class (e.g In Ground Storage).
- Fixed GUI issue introduced by game update V 1.6.0.0.

Version: 1.1.0.0
- Fixed random error experienced by some users not allowing game to end correctly.
]]>
        </en>
        <de>
            <![CDATA[Farming Innovations - Silo Displays. Diese Digitalanzeigen bieten eine schnelle Möglichkeit, den Inhalt der angeschlossenen Silos anzuzeigen.
Jedes Display verfügt über einen einstellbaren Bereich, um die Verbindung zu einem oder mehreren Silos zu ermöglichen. Über die integrierte Benutzeroberfläche, die an der Vorderseite jeder Anzeige verfügbar ist, können Sie die angezeigten Fülltypen oder den Erkennungsbereich anpassen.

Hinweis: Die Displays werden nur in Reichweite eines Silos platziert, mit dem eine Verbindung hergestellt werden soll.
Benutzerdefinierte Symbole für die Füllart werden durch einen "Kreis" ersetzt, wenn dies von der Anzeige nicht unterstützt wird.
Standard- und Großanzeigen zeigen die Namen der Fülltypen nur in der von Ihnen eingestellten Spielsprache an, sofern verfügbar. Benutzerdefinierte Fülltypen können nicht garantiert werden.

Kleines Display:
    - Maximale Füllungsarten: 2
    - Füllart-Symbol: JA
    - Name des Fülltyps: Nr
    - Preis: 1400 €

Standardanzeige:
    - Maximale FillTypes: 10
    - Füllart-Symbol: JA
    - Name des Fülltyps: JA
    - Preis: 6400 €

Großes Display:
    - Maximale FillTypes: 20
    - Fülltyp-Symbol: JA
    - Name des Fülltyps: JA
    - Preis: 9800 €

Version: 1.2.0.0
- Unterstützung für Silos mithilfe der Klasse 'IndividualSiloPlaceable' hinzufügen (e.g In Ground Storage).
- GUI-Problem behoben, das durch das Spiel-Update V 1.6.0.0 eingeführt wurde.

Version: 1.1.0.0
- Ein zufälliger Fehler wurde behoben, durch den einige Benutzer das Spiel nicht korrekt beenden konnten.
]]>
        </de>
        <fr>
            <![CDATA[Farming Innovations - Silo Displays. Ces affichages numériques permettent de visualiser rapidement le contenu des silos connectés.
Chaque écran dispose d'une plage réglable pour permettre la connexion à un ou plusieurs silos. En utilisant l'interface utilisateur intégrée disponible à l'avant de chaque écran, vous pouvez ajuster les types de remplissage affichés ou la plage de détection.

Remarque: Les affichages ne se placeront que s'ils sont à portée d'un silo avec lequel se connecter.
Les icônes de type de remplissage personnalisé seront remplacées par un «cercle» si elles ne sont pas supportées par l'affichage.
Les écrans Standard et Large affichent les noms des types de remplissage dans la langue de jeu définie uniquement lorsqu'ils sont disponibles. Les types de remplissage personnalisés ne sont pas garantis.

Petit écran:
    - Types de remplissage maximum: 2
    - Icône de type de remplissage: OUI
    - Nom du type de remplissage: Non
    - Prix: 1400 €

Affichage standard:
    - Types de remplissage maximum: 10
    - Icône de type de remplissage: OUI
    - Nom du type de remplissage: OUI
    - Prix: 6400 €

Grand écran:
    - Types de remplissage maximum: 20
    - Icône de type de remplissage: OUI
    - Nom du type de remplissage: OUI
    - Prix: 9800 €

Version: 1.2.0.0
- Ajout de la prise en charge des silos à l'aide de la classe 'IndividualSiloPlaceable' (par exemple, In Ground Storage).
- Correction du problème d'interface graphique introduit par la mise à jour du jeu V 1.6.0.0.

Version: 1.1.0.0
- Correction d'une erreur aléatoire rencontrée par certains utilisateurs ne permettant pas au jeu de se terminer correctement.
]]>
        </fr>
    </description>

    <multiplayer supported="true"/>
    <iconFilename>icon.dds</iconFilename>

    <l10n>
        <text name="storeName_siloDisplaySmall">
            <en>Silo Display - Small</en>
            <de>Silodisplay - Klein</de>
        </text>

        <text name="storeName_siloDisplayNormal">
            <en>Silo Display - Standard</en>
            <de>Silodisplay - Standard</de>
        </text>

        <text name="storeName_siloDisplayLarge">
            <en>Silo Display - Large</en>
            <de>Silodisplay - Groß</de>
        </text>

        <text name="function_siloDisplays">
            <en>Farming Innovations - Silo Displays. An easy way to view the contents of the connected silos.</en>
            <de>Farming Innovations - Silo Displays. Eine einfache Möglichkeit, den Inhalt der verbundenen Silos anzuzeigen.</de>
        </text>

        <text name="siloDisplay_guiWarning">
            <en>Duplicate fruit types selected!</en>
            <de>Doppelte Fruchtsorten ausgewählt!</de>
        </text>

        <text name="siloDisplay_guiConnected">
            <en>Connected Silos:  %s</en>
            <de>Verbundene Silos:  %s</de>
        </text>

        <text name="siloDisplay_guiAvailable">
            <en>Available Fill Types:  %s</en>
            <de>Verfügbare Füllarten:  %s</de>
        </text>
    </l10n>

    <extraSourceFiles>
        <sourceFile filename="scripts/SiloDisplayManager.lua" />
        <sourceFile filename="scripts/AddMaterialHolderTypes.lua" />
    </extraSourceFiles>

    <!-- Attention Modders:
        Use 'SiloDisplayAddMaterialHolderType.lua' and a new material holder in your map or mods if you have custom fill type icons you want to add display support too.
        Please use 'white' only in the same style as Giants and the custom shader 'fillIconEmissiveShader.xml' found in this mod to keep these displays uniform.
        For new mod displays not wanting a backlight look a new Material Holder Type should be created and referenced in the mod.xml so not to break these displays.
    -->

    <materialHolderTypes>
        <materialHolderType name="SILO_DISPLAY_ICON" ignoreFillTypeWarnings="true"/>
    </materialHolderTypes>

    <materialHolders>
        <materialHolder filename="materialHolders/siloDisplayIcon_materialHolder.i3d"/>
    </materialHolders>

    <brands>
        <brand name="FARMING_INNOVATIONS" title="Farming Innovations" image="textures/brand_farmingInnovations.dds"/>
    </brands>

    <storeItems>
        <storeItem xmlFilename="smallDisplay.xml" />
        <storeItem xmlFilename="normalDisplay.xml" />
        <storeItem xmlFilename="largeDisplay.xml" />
    </storeItems>
</modDesc>
