﻿<?xml version="1.0" encoding="utf-8" standalone="no" ?>
<placeable>
    <storeData>
        <name>$l10n_storeName_siloDisplayNormal</name>
        <functions>
            <function>$l10n_function_siloDisplays</function>
        </functions>
        <image>siloDisplayNormal_store.dds</image>
        <price>6400</price>
        <dailyUpkeep>5</dailyUpkeep>
        <lifetime>1000</lifetime>
        <rotation>0</rotation>
        <brand>FARMING_INNOVATIONS</brand>
        <species>placeable</species>
        <category>placeableMisc</category>
    </storeData>

    <placeableType>siloDisplayPlaceable</placeableType>
    <filename>normalDisplay.i3d</filename>

    <placement testSizeX="3.2" testSizeZ="0.6" sizeX="3.2" sizeZ="0.6" useRandomYRotation="false" useManualYRotation="true"/>

    <tipOcclusionUpdateArea sizeX="3.2" sizeZ="0.7" centerZ="0.15"/>

    <clearAreas>
        <clearArea startNode="2|0" widthNode="2|0|0" heightNode="2|0|1"/>
    </clearAreas>

    <seasons>
        <maskAreas>
            <maskArea startNode="3|0" widthNode="3|0|0" heightNode="3|0|1"/>
        </maskAreas>
    </seasons>

    <siloDisplay>
        <setup defaultSeekRadius="40" drawDistanceText3D="50">
            <headers color="WHITE" renderAlignment="ALIGN_CENTER">
                <fillType  node="0|1|0" renderSize="0.09" renderMaxWidth="1.0"/>
                <fillLevel node="0|1|1" renderSize="0.09" renderMaxWidth="0.8"/>
                <capacity  node="0|1|2" renderSize="0.09" renderMaxWidth="0.8"/>
            </headers>

            <slots>
                <text3D renderSize="0.08" renderMaxWidth="1.0" renderAlignment="ALIGN_LEFT"/>
                <colors title="ORANGE" icon="WHITE" fillLevel="ORANGE" capacity="ORANGE"/>
                <icons materialTypeName="SILO_DISPLAY_ICON" materialShaderParameter="iconColor"/>
            </slots>
        </setup>

        <slots>
            <slot icon="0|2|0|0" titleRenderNode="0|2|0|1" fillLevel="0|2|0|2" capacity="0|2|0|3"/>
            <slot icon="0|2|1|0" titleRenderNode="0|2|1|1" fillLevel="0|2|1|2" capacity="0|2|1|3"/>
            <slot icon="0|2|2|0" titleRenderNode="0|2|2|1" fillLevel="0|2|2|2" capacity="0|2|2|3"/>
            <slot icon="0|2|3|0" titleRenderNode="0|2|3|1" fillLevel="0|2|3|2" capacity="0|2|3|3"/>
            <slot icon="0|2|4|0" titleRenderNode="0|2|4|1" fillLevel="0|2|4|2" capacity="0|2|4|3"/>
            <slot icon="0|2|5|0" titleRenderNode="0|2|5|1" fillLevel="0|2|5|2" capacity="0|2|5|3"/>
            <slot icon="0|2|6|0" titleRenderNode="0|2|6|1" fillLevel="0|2|6|2" capacity="0|2|6|3"/>
            <slot icon="0|2|7|0" titleRenderNode="0|2|7|1" fillLevel="0|2|7|2" capacity="0|2|7|3"/>
            <slot icon="0|2|8|0" titleRenderNode="0|2|8|1" fillLevel="0|2|8|2" capacity="0|2|8|3"/>
            <slot icon="0|2|9|0" titleRenderNode="0|2|9|1" fillLevel="0|2|9|2" capacity="0|2|9|3"/>
        </slots>

        <interactionTrigger node="0|0"/>
    </siloDisplay>
</placeable>
