﻿<?xml version="1.0" encoding="utf-8" standalone="no" ?>
<placeable>
    <storeData>
        <name>$l10n_storeName_siloDisplaySmall</name>
        <functions>
            <function>$l10n_function_siloDisplays</function>
        </functions>
        <image>siloDisplaySmall_store.dds</image>
        <price>1400</price>
        <dailyUpkeep>3</dailyUpkeep>
        <lifetime>1000</lifetime>
        <rotation>0</rotation>
        <brand>FARMING_INNOVATIONS</brand>
        <species>placeable</species>
        <category>placeableMisc</category>
    </storeData>

    <placeableType>siloDisplayPlaceable</placeableType>
    <filename>smallDisplay.i3d</filename>

    <placement testSizeX="1.6" testSizeZ="0.2" sizeX="1.6" sizeZ="0.2" useRandomYRotation="false" useManualYRotation="true"/>

    <tipOcclusionUpdateArea sizeX="0.5" sizeZ="0.5"/>

    <clearAreas>
        <clearArea startNode="2|0" widthNode="2|0|0" heightNode="2|0|1"/>
    </clearAreas>

    <seasons>
        <maskAreas>
            <maskArea startNode="3|0" widthNode="3|0|0" heightNode="3|0|1"/>
        </maskAreas>
    </seasons>

    <siloDisplay>
        <setup defaultSeekRadius="40">
            <slots>
                <colors icon="WHITE" fillLevel="ORANGE"/>
                <icons materialTypeName="SILO_DISPLAY_ICON" materialShaderParameter="iconColor"/>
            </slots>
        </setup>

        <slots>
            <slot icon="0|1|0|0" fillLevel="0|1|0|1"/>
            <slot icon="0|1|1|0" fillLevel="0|1|1|1"/>
        </slots>

        <interactionTrigger node="0|0"/>
    </siloDisplay>
</placeable>
