﻿<?xml version="1.0" encoding="utf-8"?>

<!--

Interface: 1.6.0.0 b9173

Author: GtX
Date: 08.09.2018

-->

<CustomShader version="4">
    <Parameters>
        <Parameter name="posX"          target="posX"           type="float"  defaultValue="0 0 0 0"/>
        <Parameter name="posY"          target="posY"           type="float"  defaultValue="-1 0 0 0"/>
        <Parameter name="textColour"    target="textColour"     type="float3" defaultValue="0.0009 0.0021 0.0144 1"/>
    </Parameters>
    <LodLevel startDistance="0">
        <CodeInjections>
          <CodeInjection position="MATERIALINFO">
<![CDATA[
    uniform float posX;
    uniform float posY;
    uniform float4 textColour;
]]>
          </CodeInjection>
            <CodeInjection position = "POST_DIFFUSE_COLOR_FS">
<![CDATA[
    diffuseColor *= textColour.rgb;
]]>
            </CodeInjection>
            <CodeInjection position="POST_SET_TEXCOORDS_VS">
<![CDATA[
#if defined(ALBEDO_MAP) || defined(EMISSIVE_MAP)
    float2 uv = getDefaultTexCoords(In);
    uv.x += (posX) / 4;
    uv.y += (posY + 1) / 11;
    Out.defaultTexCoords = uv;
#endif
]]>
            </CodeInjection>
          </CodeInjections>
    </LodLevel>
</CustomShader>