<?xml version="1.0" encoding="utf-8" standalone="no" ?>
<placeable>
    <storeData>
        <name>
            <en>Letterbox - Large</en>
            <de>Briefkasten - Groß</de>
        </name>
        <functions>
            <function>$l10n_function_letterbox</function>
        </functions>
        <image>store_letterboxLarge.dds</image>
        <price>80</price>
        <dailyUpkeep>0</dailyUpkeep>
        <lifetime>1000</lifetime>
        <rotation>0</rotation>
        <brand>FARMING_INNOVATIONS</brand>
        <species>placeable</species>
        <category>placeableMisc</category>
    </storeData>

    <placeableType>LetterboxPlaceable</placeableType>
    <filename>letterboxLarge.i3d</filename>

    <letterbox>
        <playerTrigger node="1" />

        <colorMat0Nodes defaultColourIndex="5">
            <colorMat0Node node="2|0" material="6" wear="0.2" dirt="0.5"/>
        </colorMat0Nodes>

        <displays numberDisplay="0|0" letterDisplay="0|1" />
    </letterbox>

    <placement testSizeX="0.1" testSizeZ="0.1" sizeX="0.1" sizeZ="0.1" useRandomYRotation="false" useManualYRotation="true" />
</placeable>
