<?xml version="1.0" encoding="utf-8" standalone="no" ?>
<placeable>
    <storeData>
        <name>
            <en>Letterbox - Small 2</en>
            <de>Briefkasten - Klein 2</de>
        </name>
        <functions>
            <function>$l10n_function_letterbox</function>
        </functions>
        <image>store_letterboxSmallTwo.dds</image>
        <price>50</price>
        <dailyUpkeep>0</dailyUpkeep>
        <lifetime>1000</lifetime>
        <rotation>0</rotation>
        <brand>FARMING_INNOVATIONS</brand>
        <species>placeable</species>
        <category>placeableMisc</category>
    </storeData>

    <placeableType>LetterboxPlaceable</placeableType>
    <filename>letterboxSmallTwo.i3d</filename>

    <letterbox>
        <playerTrigger node="1" />

        <colorMat0Nodes defaultColourIndex="24">
            <colorMat0Node node="2|1" material="6" wear="0.53" dirt="0.5"/>
        </colorMat0Nodes>

        <displays numberDisplay="0|0" letterDisplay="0|1" />

        <flag node="2|0" rotDown="0 0 -90" rotUp="0 0 0"/>
    </letterbox>

    <placement testSizeX="0.1" testSizeZ="0.1" sizeX="0.1" sizeZ="0.1" useRandomYRotation="false" useManualYRotation="true" />
</placeable>
