﻿<?xml version="1.0" encoding="utf-8" standalone="no" ?>
<modDesc descVersion="51">
    <author>GtX</author>
    <contributors>Ralf, Addictive(Tobi)</contributors>

    <version>1.1.0.0</version>

    <title>
        <en>Customisable Letterboxes And Signs - Edited by Fire0x</en>
        <de>Anpassbare Briefkästen Und Schilder</de>
    </title>

    <description>
        <en>
            <![CDATA[Three placeable letterboxes and two signs that can be used to easily add detail to your farm.
With the following options these letterboxes and signs will bring your farms neighbourhood to life.

Letterboxes: Colour choice, lot / house number, custom name and flag rotation when available.
Signs: Colour choice, custom name and sign arrow rotation when available.

Customisation menu is available at the front of each letterbox or sign. Full Multiplayer support.


Version: 1.1.0.0
- Fixed position of arrow sign when rotating.
- Add ability to show text on both sides of the signs. This can be added or removed directly at the sign.

Version: 1.0.2.0
- Fix 'COMPOUND' warning for Letterbox - Large

Version: 1.0.1.0
- Fixed bug on dedicated server. Rotation and colors of the signs were not shared correctly to other players.
]]>
        </en>
        <de>
            <![CDATA[Drei platzierbare Briefkästen und zwei Schilder. Damit können Sie Ihrer Farm auf einfache Weise Details hinzufügen.
Mit den folgenden Optionen erwecken diese Briefkästen und Schilder die Nachbarschaft Ihrer Bauernhöfe zum Leben.

Briefkästen: Farbauswahl, Los- / Hausnummer, benutzerdefinierter Name und Flaggenrotation, sofern verfügbar.
Schilder: Farbauswahl, benutzerdefinierter Name und Richtungs Rotation, falls verfügbar.

Das Anpassungsmenü befindet sich an der Vorderseite jedes Briefkastens oder Schildes. Volle Multiplayer-Unterstützung.


Version: 1.1.0.0
- Die Position des Pfeilzeichens beim Drehen wurde korrigiert.
- Fügen Sie die Möglichkeit hinzu, Text auf beiden Seiten der Zeichen anzuzeigen. Dies kann direkt am Schild hinzugefügt oder entfernt werden.

Version: 1.0.2.0
- Behebung der 'COMPOUND' -Warnung für Briefkasten - Groß

Version: 1.0.1.0
- Fehler auf dedizierten Server behoben. Rotation und Farben bei den Schildern wird für Mitspieler nicht angezeigt.
]]>
        </de>
        <fr>
            <![CDATA[Trois boîtes aux lettres et deux panneaux placables. C'est un excellent moyen d'ajouter des détails à votre ferme.
Ces boîtes aux lettres et ces panneaux donnent vie aux quartiers de vos fermes grâce aux options suivantes.

Boîtes aux lettres: sélecteur de couleur, numéro de lot, nom personnalisé et rotation du drapeau, si disponible.
Boucliers: sélecteur de couleur, nom personnalisé et rotation directionnelle, si disponible.

Le menu de personnalisation est situé à l'avant de chaque boîte aux lettres ou signe. Support multijoueur complet.


Version: 1.1.0.0
- Position fixe du signe de la flèche lors de la rotation.
- Ajout de la possibilité d'afficher le texte des deux côtés des panneaux. Cela peut être ajouté ou supprimé directement sur le panneau.

Version: 1.0.2.0
- Correction de l'avertissement 'COMPOUND' pour les boîtes aux Letterbox - Large

Version: 1.0.1.0
- Fehler auf dedizierten Server behoben. Rotation und Farben bei den Schildern wird für Mitspieler nicht angezeigt.
]]>
        </fr>
    </description>

    <multiplayer supported="true"/>
    <iconFilename>icon.dds</iconFilename>

    <l10n>
        <text name="function_letterbox">
            <en>Bring the neighbourhood around your farm to life with this easy to customise mailbox.</en>
            <de>Erwecken Sie die Umgebung Ihrer Farm mit diesem Briefkasten, der sich leicht anpassen lässt, zum Leben.</de>
            <fr>Donnez vie à l’environnement de votre ferme avec cette boîte aux lettres facile à personnaliser.</fr>
        </text>
        <text name="function_sign">
            <en>Bring the neighbourhood around your farm to life with this easy to customise sign.</en>
            <de>Erwecken Sie die Umgebung Ihrer Farm mit diesem Schild, das sich leicht anpassen lässt, zum Leben.</de>
            <fr>Donnez vie à l'environnement de votre ferme avec ce bouclier facilement adaptable.</fr>
        </text>
        <text name="Letterbox_Menu">
            <en>Open menu</en>
            <de>Menü öffnen</de>
            <fr>Ouvrir le menu</fr>
        </text>
        <text name="Letterbox_GUI_Title">
            <en>Letterbox Configuration</en>
            <de>Briefkasten Konfiguration</de>
        </text>
        <text name="Letterbox_FlagUp">
            <en>Up</en>
            <de>Oben</de>
        </text>
        <text name="Letterbox_FlagDown">
            <en>Down</en>
            <de>Unten</de>
        </text>
        <text name="Letterbox_TextColour">
            <en>Text Colour</en>
            <de>Textfarbe</de>
        </text>
        <text name="Letterbox_NumberColour">
            <en>Number Colour</en>
            <de>Nummernfarbe</de>
        </text>
        <text name="Letterbox_BoxColour">
            <en>Letterbox Colour</en>
            <de>Briefkastenfarbe</de>
        </text>
        <text name="Letterbox_NumberInput">
            <en>Numbers</en>
            <de>Nummer</de>
        </text>
        <text name="Letterbox_TextInput">
            <en>Text</en>
            <de>Text</de>
        </text>
        <text name="Letterbox_FlagState">
            <en>Flag Position</en>
            <de>Fahnenposition</de>
        </text>
        <text name="Sign_GUI_Title">
            <en>Sign Configuration</en>
            <de>Schildkonfiguration</de>
        </text>
        <text name="Sign_Colour">
            <en>Sign Colour</en>
            <de>Schildfarbe</de>
        </text>
        <text name="Sign_Left">
            <en>Left</en>
            <de>Links</de>
        </text>
        <text name="Sign_Right">
            <en>Right</en>
            <de>Rechts</de>
        </text>
        <text name="Sign_State">
            <en>Sign Rotation</en>
            <de>Schildausrichtung</de>
        </text>
        <text name="action_signSingle">
            <en>Show single sign</en>
            <de>Einzelzeichen anzeigen</de>
        </text>
        <text name="action_signDouble">
            <en>Show double sign</en>
            <de>Doppelzeichen anzeigen</de>
        </text>
    </l10n>

    <extraSourceFiles>
        <sourceFile filename="scripts/Letterbox.lua" />
    </extraSourceFiles>

    <brands>
        <brand name="FARMING_INNOVATIONS" title="Farming Innovations" image="shared/brand_farmingInnovations.dds"/>
    </brands>

    <storeItems>
        <storeItem xmlFilename="LetterboxLarge.xml" />
        <storeItem xmlFilename="LetterboxSmallOne.xml" />
        <storeItem xmlFilename="LetterboxSmallTwo.xml" />
        <storeItem xmlFilename="SignNormal.xml" />
        <storeItem xmlFilename="SignArrow.xml" />
    </storeItems>
</modDesc>
