<?xml version="1.0" encoding="utf-8" standalone="no" ?>
<placeable>
    <storeData>
        <name>
            <en>Sign - Normal</en>
            <de>Schild - Normal</de>
        </name>
        <functions>
            <function>$l10n_function_sign</function>
        </functions>
        <image>store_signNormal.dds</image>
        <price>100</price>
        <dailyUpkeep>0</dailyUpkeep>
        <lifetime>1000</lifetime>
        <rotation>0</rotation>
        <brand>FARMING_INNOVATIONS</brand>
        <species>placeable</species>
        <category>placeableMisc</category>
    </storeData>

    <placeableType>LetterboxPlaceable</placeableType>
    <filename>signNormal.i3d</filename>

    <placement testSizeX="0.1" testSizeZ="0.1" sizeX="0.1" sizeZ="0.1" useRandomYRotation="false" useManualYRotation="true" />

    <letterbox>
        <playerTrigger node="0|2" />

        <colorMat0Nodes defaultColourIndex="16">
            <colorMat0Node node="1|0" material="20" wear="0" dirt="0"/>
            <colorMat0Node node="1|1" material="20" wear="0" dirt="0"/>
        </colorMat0Nodes>

        <displays>
            <letterDisplays>
                <display node="0|0"/>
                <display node="0|1"/>
            </letterDisplays>
        </displays>

        <texts guiTitle="Sign_GUI_Title" flagStateHeader="Sign_State" flagUp="Sign_Left" flagDown="Sign_Right" boxColourHeader="Sign_Colour"/>
    </letterbox>

    <animatedObjects>
        <animatedObject saveId="extraSign" >
            <animation duration="0.1">
                <part node="0|1">
                    <keyFrame time="0.0" visibility="false"/>
                    <keyFrame time="1.0" visibility="true"/>
                </part>
                <part node="1|1">
                    <keyFrame time="0.0" translation="-0.03 0 0" visibility="false"/>
                    <keyFrame time="1.0" translation="0 0 0"     visibility="true"/>
                </part>
                <part node="1|2|0">
                    <keyFrame time="0.0" visibility="false"/>
                    <keyFrame time="1.0" visibility="true"/>
                </part>
            </animation>

            <controls triggerNode="0|3" posAction="ACTIVATE_HANDTOOL" posText="action_signDouble" negText="action_signSingle" />
        </animatedObject>
    </animatedObjects>
</placeable>
