﻿<?xml version="1.0" encoding="utf-8" standalone="no" ?>
<modDesc descVersion="51">
    <author>WMRmodding</author>
    <version>1.0.0.0</version>
    <iconFilename>icon.dds</iconFilename>

	<title>
		<en>Rack Pack - Edited by Fire0x</en>
		<de>Gestelle Pack</de>
	</title>
    <description>
        <en><![CDATA[This pack includes a single rack for tools and pallets and misc items, A Rack for storing IBC tanks, A Double rack for tools and pallets and misc items, A rack for storing tools and bags from the bressel UndLade Big Bag Pack.
The racks can be found in the catergory miscellaneous.
Big Bag Rack
Price 250
Daily Upkeep 1

IBC Rack
Price 250
Daily Upkeep 1

Double Rack 
Price 450
Daily Upkeep 2

Rack Single
Price 250
Daily Upkeep 1

Seasons ready]]>
		</en>
		
		<de><![CDATA[Dieses Paket enthält ein einzelnes Gestell für Werkzeuge und Paletten und verschiedene Gegenstände, ein Gestell für die Lagerung von IBC-Tanks, ein doppeltes Gestell für Werkzeuge und Paletten und verschiedene Gegenstände, ein Gestell für die Lagerung von Werkzeugen und Big Bags aus dem Bressel und Lade Big Bag Pack.
Die Gestelle finden Sie in der Kategorie: Sonstiges.
Big Bag Gestell
Preis 250
Täglich Instandhaltung 1

IBC Gestell
Preis 250
Täglich Instandhaltung 1

Doppeltes Gestell  
Preis 450
Täglich Instandhaltung 2

Einzelnes Gestell
Preis 250
Täglich Instandhaltung 1

Jahreszeiten bereit]]>
		</de>
    </description>

    <multiplayer supported="true"/>

    <storeItems>
        <storeItem rootNode="placeable" xmlFilename="BigBagRack/BigBag_Rack.xml"/>
		<storeItem rootNode="placeable" xmlFilename="IBCRack/IBC_Rack.xml"/>
		<storeItem rootNode="placeable" xmlFilename="RackDouble/Rack_Double.xml"/>
		<storeItem rootNode="placeable" xmlFilename="RackSingle/Rack_Single.xml"/>
    </storeItems>
</modDesc>
