<?xml version="1.0" encoding="utf-8" standalone="no" ?>
<vehicle type="Rack">
    <storeData>
		<name>	
			<fr>Étagère Transportable 10.50m x 1.50m</fr>
			<en>Portable Shelf 10.50m x 1.50m</en>
			<de>Transportables Regal 10.50m x 1.50m</de>
		</name>
		<functions>
            <function>$l10n_function_Rack</function>
        </functions>
        <image>store_Rack05.png</image>
		<price>700</price>
        <lifetime>600</lifetime>
		<rotation>0</rotation>
        <brand>LIZARD</brand>
        <category>misc</category>
		<shopFoldingState>1</shopFoldingState>
        <vertexBufferMemoryUsage>68128</vertexBufferMemoryUsage>
        <indexBufferMemoryUsage>10968</indexBufferMemoryUsage>
        <textureMemoryUsage>4544520</textureMemoryUsage>
        <instanceVertexBufferMemoryUsage>0</instanceVertexBufferMemoryUsage>
        <instanceIndexBufferMemoryUsage>0</instanceIndexBufferMemoryUsage>
    </storeData>

    <base>
		<typeDesc>$l10n_typeDesc_implementRack</typeDesc>
        <filename>Rack.i3d</filename>
        <size width="3" length="1.5" lengthOffset="-0.7" />
        <components>
            <component centerOfMass="0 0.2 0" solverIterationCount="10" mass="280"/>
        </components>
    </base>
	
	 <enterable isTabbable="false" >
        <enterReferenceNode node="exitPoint" />
        <exitPoint node="exitPoint" />
        <cameras>
            <camera node="camera" rotatable="true" rotateNode="cameraRot" limit="true" useWorldXZRotation="true" rotMinX="-1.4" rotMaxX="1" transMin="4" transMax="40" />
        </cameras>
        <forceSelectionOnEnter>true</forceSelectionOnEnter>
    </enterable>
	
	<foldable>
        <foldingParts startMoveDirection="1">
            <foldingPart animationName="folding" speedScale="1" />
        </foldingParts>
    </foldable>
	
	<dynamicMount triggerNode="dynamicMountTrigger" />

    <animations>
        <animation name="folding">
			<part node="tensionBeltNode" startTime="0" endTime="1" startScale="1 1 1" endScale="1 0.493 1"/>
			<part node="Plate01"   startTime="0" endTime="1" endTrans="0 0 -1.3" startTrans="0 1.34 0"/>
			<part node="Plate03"   startTime="1" endTime="2" endTrans="0 0.15 -1.3" startTrans="-3.6 1.34 0"/>
			<part node="Plate05"   startTime="2" endTime="3" endTrans="0 0.3 -1.3" startTrans="3.6 1.34 0"/>
			<part node="150cm01"   startTime="3" endTime="4" endRot="0 0 -90" startRot="0 0 0"/>
			<part node="150cm02"   startTime="4" endTime="5" endRot="0 0 90" startRot="0 0 0"/>
			<part node="150cm03"   startTime="5" endTime="6" endRot="0 0 -90" startRot="0 0 0"/>
			<part node="150cm04"   startTime="6" endTime="7" endRot="0 0 90" startRot="0 0 0"/>
			<part node="150cm01"   startTime="3" endTime="7" endTrans="-1.5 0.245 0" startTrans="-1.8 0 0"/>
			<part node="150cm02"   startTime="4" endTime="5" endTrans="1.5 0.24 0" startTrans="1.8 0 0"/>
			<part node="150cm03"   startTime="5" endTime="6" endTrans="-1.5 0.342 0" startTrans="-5.4 0 0"/>
			<part node="150cm04"   startTime="6" endTime="7" endTrans="1.5 0.342 0" startTrans="5.4 0 0"/>
			<part node="Plate01"   startTime="8" endTime="9" endTrans="0 0.293 0" startTrans="0 0 -1.3"/>
			<part node="Plate03"   startTime="8" endTime="9" endTrans="0 0.442 0" startTrans="0 0.15 -1.3"/>
			<part node="Plate05"   startTime="8" endTime="9" endTrans="0 0.588 0" startTrans="0 0.3 -1.3"/>
			<part node="Palette" startTime="0" endTime="0.05" visibility="false"/>
            <part node="Palette" startTime="0.05" endTime="0.1" visibility="true"/>
			<part node="SolidCol"   		   startTime="0" endTime="0.05" endTrans="0 0.175 0" startTrans="0 5 0"/>
			<part node="dynamicMountTrigger"   startTime="0" endTime="0.05" endTrans="0 0.106 0" startTrans="0 5 0"/>
		</animation>
    </animations>
	
	<designConfigurations>
		<designConfiguration name="10.50m x 1.50m" price="300" icon="$dataS2/menu/hud/configurations/config_edition.png">			
			<objectChange node="300cm01" visibilityActive="false" visibilityInactive="true"/>
			<objectChange node="300cm02" visibilityActive="false" visibilityInactive="true"/>
			<objectChange node="300cm03" visibilityActive="false" visibilityInactive="true"/>
			<objectChange node="300cm04" visibilityActive="false" visibilityInactive="true"/>
			<objectChange node="150cm01" visibilityActive="true" visibilityInactive="false"/>
			<objectChange node="150cm02" visibilityActive="true" visibilityInactive="false"/>
			<objectChange node="150cm03" visibilityActive="true" visibilityInactive="false"/>
			<objectChange node="150cm04" visibilityActive="true" visibilityInactive="false"/>
			<objectChange node="300ColPlate01" 	compoundChildActive="false" />
			<objectChange node="300ColPlate02" 	compoundChildActive="false" />
			<objectChange node="300ColPlate03" 	compoundChildActive="false" />
			<objectChange node="300ColPlate04" 	compoundChildActive="false" />
			<objectChange node="150ColPlate01" 	compoundChildActive="true" />
			<objectChange node="150ColPlate02" 	compoundChildActive="true" />
			<objectChange node="150ColPlate03" 	compoundChildActive="true" />
			<objectChange node="150ColPlate04" 	compoundChildActive="true" />
			<objectChange node="Plate01" visibilityActive="true" visibilityInactive="false"/>
			<objectChange node="Plate02" visibilityActive="false" visibilityInactive="true"/>
			<objectChange node="Plate03" visibilityActive="true" visibilityInactive="false"/>
			<objectChange node="Plate04" visibilityActive="false" visibilityInactive="true"/>
			<objectChange node="Plate05" visibilityActive="true" visibilityInactive="false"/>
			<objectChange node="Plate06" visibilityActive="false" visibilityInactive="true"/>
			<objectChange node="PlateCol01" 	compoundChildActive="true" />
			<objectChange node="PlateCol02" 	compoundChildActive="false" />
			<objectChange node="PlateCol03" 	compoundChildActive="true" />
			<objectChange node="PlateCol04" 	compoundChildActive="false" />
			<objectChange node="PlateCol05" 	compoundChildActive="true" />
			<objectChange node="PlateCol06" 	compoundChildActive="false" />
        </designConfiguration>
    </designConfigurations>
	
	<baseMaterial>
        <material name="Rack_Mat" baseNode="300cm01">
            <shaderParameter name="colorMat0" value="0 0.15 0.4 0"/>
			<shaderParameter name="colorMat1" value="0.8 0.1 0 0"/>
        </material>
		<material name="Hole_Mat" baseNode="Hole">
            <shaderParameter name="colorMat0" value="0 0.15 0.4 0"/>
        </material>
    </baseMaterial>
	
	<baseMaterialConfigurations useDefaultColors="true" defaultColorIndex="0">
        <baseMaterialConfiguration color="0 0.15 0.4 0"/>
        <material name="Rack_Mat" shaderParameter="colorMat0" />
		<material name="Hole_Mat" shaderParameter="colorMat0" />
    </baseMaterialConfigurations>

	<designMaterialConfigurations price="500" useDefaultColors="true" defaultColorIndex="0">
        <designMaterialConfiguration  color="0.8 0.1 0 0"/>
		<material name="Rack_Mat" shaderParameter="colorMat1"/>
    </designMaterialConfigurations>
	
	<tensionBeltObject>
        <meshNodes>
            <meshNode node="tensionBeltNode"/>
        </meshNodes>
    </tensionBeltObject>

    <i3dMappings>
		<i3dMapping id="exitPoint" node="0>0|1" />
		<i3dMapping id="cameraRot" node="0>0|0" />
		<i3dMapping id="camera" node="0>0|0|0" />
		<i3dMapping id="Rack" node="0>" />
		<i3dMapping id="tensionBeltNode" node="0>3" />
		<i3dMapping id="Hole" node="0>1|0|0" />
		<i3dMapping id="Palette" node="0>4" />
		<i3dMapping id="SolidCol" node="0>4|0" />
		<i3dMapping id="dynamicMountTrigger" node="0>4|1" />
		<i3dMapping id="300cm01" node="0>1|0" />
		<i3dMapping id="300ColPlate01" node="0>1|0|1" />
		<i3dMapping id="300cm02" node="0>1|1" />
		<i3dMapping id="300ColPlate02" node="0>1|1|1" />
		<i3dMapping id="300cm03" node="0>1|2" />
		<i3dMapping id="300ColPlate03" node="0>1|2|1" />
		<i3dMapping id="300cm04" node="0>1|3" />
		<i3dMapping id="300ColPlate04" node="0>1|3|1" />
		<i3dMapping id="150cm01" node="0>1|4" />
		<i3dMapping id="150ColPlate01" node="0>1|4|1" />
		<i3dMapping id="150cm02" node="0>1|5" />
		<i3dMapping id="150ColPlate02" node="0>1|5|1" />
		<i3dMapping id="150cm03" node="0>1|6" />
		<i3dMapping id="150ColPlate03" node="0>1|6|1" />
		<i3dMapping id="150cm04" node="0>1|7" />
		<i3dMapping id="150ColPlate04" node="0>1|7|1" />
		<i3dMapping id="Plate01" node="0>2|0" />
		<i3dMapping id="PlateCol01" node="0>2|0|0" />
		<i3dMapping id="Plate02" node="0>2|1" />
		<i3dMapping id="PlateCol02" node="0>2|1|0" />
		<i3dMapping id="Plate03" node="0>2|2" />
		<i3dMapping id="PlateCol03" node="0>2|2|0" />
		<i3dMapping id="Plate04" node="0>2|3" />
		<i3dMapping id="PlateCol04" node="0>2|3|0" />
		<i3dMapping id="Plate05" node="0>2|4" />
		<i3dMapping id="PlateCol05" node="0>2|4|0" />
		<i3dMapping id="Plate06" node="0>2|5" />
		<i3dMapping id="PlateCol06" node="0>2|5|0" />
    </i3dMappings>
</vehicle>
