﻿<?xml version="1.0" encoding="utf-8" standalone="no" ?>
<modDesc descVersion="46">
    <author>NicoPix's</author>
    <version>1.0.0.0</version>
    <title>	
		<fr>Étagère Transportable</fr>
        <en>Portable Shelf - Edited by Fire0x</en>
		<de>Transportables Regal</de>
    </title>
    <description>
        <en><![CDATA[Portable and comfortable shelf in 6 different ways.
Price: from 250 €
Size: from 3.50m x 1.50m to 10.50m x 3.00 m
Color configurable.]]></en>
        <de><![CDATA[Transportables und komfortables Regal in 6 verschiedenen Varianten.
Preis: ab 250 €
Größe: ab 3.50m x 1.50m zu 10.50m x 3.00m
Farbauswahl.]]></de>
        <fr><![CDATA[Étagère transportable et confortable de 6 maniére différente. 
Prix: A partir de 250€
Taille: A partir de 3.50m x 1.50m a 10.50m x 3.00m
Couleur configurable. ]]></fr>
    </description>
	<iconFilename>icon_Rack.dds</iconFilename>
	<multiplayer supported="true" />
	<storeItems>    
		<storeItem xmlFilename="350X150.xml" />
		<storeItem xmlFilename="350X300.xml" />
		<storeItem xmlFilename="700X150.xml" />
		<storeItem xmlFilename="700X300.xml" />
		<storeItem xmlFilename="1050X150.xml" />
		<storeItem xmlFilename="1050X300.xml" />
    </storeItems>
	<l10n>	
		<text name="function_Rack">
		    <fr>Vous pouvez placer cette étagère où bon vous semble pour ranger vos palettes ou outils.</fr>
            <en>You can place this shelf wherever you want to store your pallets or tools.</en>
			<de>Sie können dieses Regal überall platzieren, wo Sie Ihre Paletten oder Werkzeuge aufbewahren möchten.</de>
		</text>
		<text name="typeDesc_implementRack">
		    <fr>Étagère transportable</fr>
            <en>Portable shelf</en>
			<de>Transportables Regal</de>
		</text>
    </l10n>
	<vehicleTypes>
		<type name="Rack" parent="baseAttachable" className="Vehicle" filename="$dataS/scripts/vehicles/Vehicle.lua" >
			<specialization name="enterable" />
			<specialization name="dynamicMountAttacher" />
			<specialization name="tensionBeltObject" />
		</type>
	</vehicleTypes>
</modDesc>
